SET NAMES UTF8;
DROP DATABASE IF EXISTS meetyou;
CREATE DATABASE meetyou CHARSET=UTF8;
USE meetyou;

/*用户登陆信息*/
CREATE TABLE user_login(
uid INT PRIMARY KEY AUTO_INCREMENT,
uname VARCHAR(32),
upwd VARCHAR(32)
);
INSERT INTO user_login VALUES(1,"TOM","abcdefg");
INSERT INTO user_login VALUES(2,"Aaron","123456");
INSERT INTO user_login VALUES(3,"Abate","154873");
INSERT INTO user_login VALUES(4,"Anlett","2118745");
INSERT INTO user_login VALUES(96,"甜甜","ytji879");
INSERT INTO user_login VALUES(97,"琪琪","wertey65");
INSERT INTO user_login VALUES(98,"蹦蹦","trhr43");
INSERT INTO user_login VALUES(99,"豆豆","segsrgw");
INSERT INTO user_login VALUES(100,"跳跳","webrjw3");

/**用户信息**/
CREATE TABLE meet_user(
  uid INT PRIMARY KEY AUTO_INCREMENT,
  uname VARCHAR(32),
  gender INT,                 #性别  0-女  1-男
  upwd VARCHAR(32),
  phone VARCHAR(16),
  avatar VARCHAR(128)     #头像图片路径
);
INSERT INTO meet_user VALUES
(1,"TOM",1,"abcdefg",15614387620,""),
(2,"Aaron",1,"123456",15614387620,""),
(3,"Abate",1,"154873",15614387620,""),
(4,"Anlett",1,"2118745",15614387620,""),
(96,"甜甜",0,"ytji879",15614387620,""),
(97,"琪琪",0,"wertey65",15614387620,""),
(98,"蹦蹦",0,"trhr43",15614387620,""),
(99,"豆豆",0,"segsrgw",15614387620,""),
(100,"跳跳",0,"webrjw3",15614387620,"");

/*鲜花种类 */
CREATE TABLE flowers_family(
  fid INT PRIMARY KEY AUTO_INCREMENT,
  fname VARCHAR(32)
);
INSERT INTO flowers_family VALUES
(1,'玫瑰'),
(2,'百合'),
(3,'向日葵'),
(4,'康乃馨'),
(5,'郁金香'),
(6,'扶郎'),
(7,'马蹄莲'),
(8,'满天星'),
(9,'永生花'),
(10,'皂花'),
(11,'搭配');

/*鲜花*/
CREATE TABLE flowers(
  lid INT PRIMARY KEY AUTO_INCREMENT,
  fid INT,                    #所属花种家族编号
  title VARCHAR(128),         #标题
  price DECIMAL(10,2),        #价格--
  material VARCHAR(64),       #材料
  package VARCHAR(64),        #包装
  florid VARCHAR(64),         #花语
  attached VARCHAR(64),       #附送
  delivery VARCHAR(64),       #配送
  state VARCHAR(64),          #说明
  color VARCHAR(64),          #颜色--

  name VARCHAR(32),           #商品名称--
  purpose VARCHAR(32),        #用途--
  reciver VARCHAR(32),        #对象--
  festival VARCHAR(32),       #节日--
  counts VARCHAR(32),         #支数--
  type VARCHAR(32),           #类型--

  sold_count INT,             #已售出的数量
  is_onsale BOOLEAN           #是否促销中
);

INSERT INTO flowers VALUES
(1,1,'南国相思',303,'33枝顶级红玫瑰，相思梅丰满围边。','黑色牛皮纸圆形包装，白色缎带束扎。','把无数的思念化做心中无限的祝福，默默的为你祈祷。','免费附送精美贺卡，代写您的祝福。(您下单时可填写留言栏)',
'本地区各市县、乡镇、街道（市区内免费配送','由于鲜花包扎各地的花艺师不同，可能在花束的形式和搭配上与图片不完全一致，但我们保证鲜花的主花材品种、新鲜程度、数量、颜色与说明一致，谢谢。','红色','玫瑰','爱情鲜花',
'恋人','七夕',33,'手捧花束',999,true),
(2,1,'北国相思',290,'16枝顶级红玫瑰，相思梅丰满围边。','黑色牛皮纸圆形包装，白色缎带束扎。','把无数的思念化做心中无限的祝福，默默的为你祈祷。','免费附送精美贺卡，代写您的祝福。(您下单时可填写留言栏)',
'本地区各市县、乡镇、街道（市区内免费配送','由于鲜花包扎各地的花艺师不同，可能在花束的形式和搭配上与图片不完全一致，但我们保证鲜花的主花材品种、新鲜程度、数量、颜色与说明一致，谢谢。','红色','玫瑰','爱情鲜花',
'恋人','七夕',16,'巧克力花束',999,false),
(3,1,'携手一生',303,'11枝优质红玫瑰搭配绿叶，满天星，随机赠送2只小熊','黑色牛皮纸圆形包装，白色缎带束扎。','把无数的思念化做心中无限的祝福，默默的为你祈祷。','免费附送精美贺卡，代写您的祝福。(您下单时可填写留言栏)',
'本地区各市县、乡镇、街道（市区内免费配送','由于鲜花包扎各地的花艺师不同，可能在花束的形式和搭配上与图片不完全一致，但我们保证鲜花的主花材品种、新鲜程度、数量、颜色与说明一致，谢谢。','红色','玫瑰','道歉鲜花',
'恋人','七夕',11,'巧克力花束',999,false),
(4,1,'南国相思',180,'16枝顶级红玫瑰，相思梅丰满围边。','黑色牛皮纸圆形包装，白色缎带束扎。','把无数的思念化做心中无限的祝福，默默的为你祈祷。','免费附送精美贺卡，代写您的祝福。(您下单时可填写留言栏)',
'本地区各市县、乡镇、街道（市区内免费配送','由于鲜花包扎各地的花艺师不同，可能在花束的形式和搭配上与图片不完全一致，但我们保证鲜花的主花材品种、新鲜程度、数量、颜色与说明一致，谢谢。','红色','玫瑰','道歉鲜花',
'恋人','七夕',16,'礼盒鲜花',999,false),
(5,1,'南国相思',250,'16枝顶级红玫瑰，相思梅丰满围边。','黑色牛皮纸圆形包装，白色缎带束扎。','把无数的思念化做心中无限的祝福，默默的为你祈祷。','免费附送精美贺卡，代写您的祝福。(您下单时可填写留言栏)',
'本地区各市县、乡镇、街道（市区内免费配送','由于鲜花包扎各地的花艺师不同，可能在花束的形式和搭配上与图片不完全一致，但我们保证鲜花的主花材品种、新鲜程度、数量、颜色与说明一致，谢谢。','红色','玫瑰','道歉鲜花',
'恋人','七夕',16,'礼盒鲜花',999,false),
(6,1,'南国相思',360,'16枝顶级红玫瑰，相思梅丰满围边。','黑色牛皮纸圆形包装，白色缎带束扎。','把无数的思念化做心中无限的祝福，默默的为你祈祷。','免费附送精美贺卡，代写您的祝福。(您下单时可填写留言栏)',
'本地区各市县、乡镇、街道（市区内免费配送','由于鲜花包扎各地的花艺师不同，可能在花束的形式和搭配上与图片不完全一致，但我们保证鲜花的主花材品种、新鲜程度、数量、颜色与说明一致，谢谢。','红色','玫瑰','道歉鲜花',
'恋人','七夕',16,'巧克力花束',999,false),
(7,1,'南国相思',444,'18枝顶级红玫瑰，相思梅丰满围边。','黑色牛皮纸圆形包装，白色缎带束扎。','把无数的思念化做心中无限的祝福，默默的为你祈祷。','免费附送精美贺卡，代写您的祝福。(您下单时可填写留言栏)',
'本地区各市县、乡镇、街道（市区内免费配送','由于鲜花包扎各地的花艺师不同，可能在花束的形式和搭配上与图片不完全一致，但我们保证鲜花的主花材品种、新鲜程度、数量、颜色与说明一致，谢谢。','红色','玫瑰','道歉鲜花',
'恋人','七夕',18,'巧克力花束',999,false),
(8,1,'南国相思',547,'18枝顶级红玫瑰，相思梅丰满围边。','黑色牛皮纸圆形包装，白色缎带束扎。','把无数的思念化做心中无限的祝福，默默的为你祈祷。','免费附送精美贺卡，代写您的祝福。(您下单时可填写留言栏)',
'本地区各市县、乡镇、街道（市区内免费配送','由于鲜花包扎各地的花艺师不同，可能在花束的形式和搭配上与图片不完全一致，但我们保证鲜花的主花材品种、新鲜程度、数量、颜色与说明一致，谢谢。','红色','玫瑰','道歉鲜花',
'恋人','七夕',18,'手捧花束',999,false),
(9,1,'南国相思',158,'18枝顶级红玫瑰，相思梅丰满围边。','黑色牛皮纸圆形包装，白色缎带束扎。','把无数的思念化做心中无限的祝福，默默的为你祈祷。','免费附送精美贺卡，代写您的祝福。(您下单时可填写留言栏)',
'本地区各市县、乡镇、街道（市区内免费配送','由于鲜花包扎各地的花艺师不同，可能在花束的形式和搭配上与图片不完全一致，但我们保证鲜花的主花材品种、新鲜程度、数量、颜色与说明一致，谢谢。','红色','玫瑰','道歉鲜花',
'恋人','七夕',18,'手捧花束',999,true),
(10,1,'南国相思',365,'33枝顶级红玫瑰，相思梅丰满围边。','黑色牛皮纸圆形包装，白色缎带束扎。','把无数的思念化做心中无限的祝福，默默的为你祈祷。','免费附送精美贺卡，代写您的祝福。(您下单时可填写留言栏)',
'本地区各市县、乡镇、街道（市区内免费配送','由于鲜花包扎各地的花艺师不同，可能在花束的形式和搭配上与图片不完全一致，但我们保证鲜花的主花材品种、新鲜程度、数量、颜色与说明一致，谢谢。','红色','玫瑰','道歉鲜花',
'恋人','七夕',16,'巧克力花束',999,false),
(11,1,'南国相思',303,'33枝顶级红玫瑰，相思梅丰满围边。','黑色牛皮纸圆形包装，白色缎带束扎。','把无数的思念化做心中无限的祝福，默默的为你祈祷。','免费附送精美贺卡，代写您的祝福。(您下单时可填写留言栏)',
'本地区各市县、乡镇、街道（市区内免费配送','由于鲜花包扎各地的花艺师不同，可能在花束的形式和搭配上与图片不完全一致，但我们保证鲜花的主花材品种、新鲜程度、数量、颜色与说明一致，谢谢。','红色','玫瑰','道歉鲜花',
'恋人','七夕',16,'巧克力花束',999,false),
(12,1,'南国相思',303,'33枝顶级红玫瑰，相思梅丰满围边。','黑色牛皮纸圆形包装，白色缎带束扎。','把无数的思念化做心中无限的祝福，默默的为你祈祷。','免费附送精美贺卡，代写您的祝福。(您下单时可填写留言栏)',
'本地区各市县、乡镇、街道（市区内免费配送','由于鲜花包扎各地的花艺师不同，可能在花束的形式和搭配上与图片不完全一致，但我们保证鲜花的主花材品种、新鲜程度、数量、颜色与说明一致，谢谢。','红色','玫瑰','求婚鲜花',
'恋人','七夕',16,'巧克力花束',999,false),
(13,1,'南国相思',303,'33枝顶级红玫瑰，相思梅丰满围边。','黑色牛皮纸圆形包装，白色缎带束扎。','把无数的思念化做心中无限的祝福，默默的为你祈祷。','免费附送精美贺卡，代写您的祝福。(您下单时可填写留言栏)',
'本地区各市县、乡镇、街道（市区内免费配送','由于鲜花包扎各地的花艺师不同，可能在花束的形式和搭配上与图片不完全一致，但我们保证鲜花的主花材品种、新鲜程度、数量、颜色与说明一致，谢谢。','红色','玫瑰','求婚鲜花',
'恋人','七夕',18,'巧克力花束',999,true),
(14,1,'南国相思',598,'33枝顶级红玫瑰，相思梅丰满围边。','黑色牛皮纸圆形包装，白色缎带束扎。','把无数的思念化做心中无限的祝福，默默的为你祈祷。','免费附送精美贺卡，代写您的祝福。(您下单时可填写留言栏)',
'本地区各市县、乡镇、街道（市区内免费配送','由于鲜花包扎各地的花艺师不同，可能在花束的形式和搭配上与图片不完全一致，但我们保证鲜花的主花材品种、新鲜程度、数量、颜色与说明一致，谢谢。','红色','玫瑰','求婚鲜花',
'恋人','七夕',33,'巧克力花束',999,false),
(15,1,'南国相思',303,'33枝顶级红玫瑰，相思梅丰满围边。','黑色牛皮纸圆形包装，白色缎带束扎。','把无数的思念化做心中无限的祝福，默默的为你祈祷。','免费附送精美贺卡，代写您的祝福。(您下单时可填写留言栏)',
'本地区各市县、乡镇、街道（市区内免费配送','由于鲜花包扎各地的花艺师不同，可能在花束的形式和搭配上与图片不完全一致，但我们保证鲜花的主花材品种、新鲜程度、数量、颜色与说明一致，谢谢。','蓝色','玫瑰','求婚鲜花',
'恋人','七夕',33,'巧克力花束',999,true),
(16,1,'南国相思',254,'33枝顶级红玫瑰，相思梅丰满围边。','黑色牛皮纸圆形包装，白色缎带束扎。','把无数的思念化做心中无限的祝福，默默的为你祈祷。','免费附送精美贺卡，代写您的祝福。(您下单时可填写留言栏)',
'本地区各市县、乡镇、街道（市区内免费配送','由于鲜花包扎各地的花艺师不同，可能在花束的形式和搭配上与图片不完全一致，但我们保证鲜花的主花材品种、新鲜程度、数量、颜色与说明一致，谢谢。','蓝色','玫瑰','求婚鲜花',
'恋人','七夕',18,'巧克力花束',999,false),
(17,1,'南国相思',303,'33枝顶级红玫瑰，相思梅丰满围边。','黑色牛皮纸圆形包装，白色缎带束扎。','把无数的思念化做心中无限的祝福，默默的为你祈祷。','免费附送精美贺卡，代写您的祝福。(您下单时可填写留言栏)',
'本地区各市县、乡镇、街道（市区内免费配送','由于鲜花包扎各地的花艺师不同，可能在花束的形式和搭配上与图片不完全一致，但我们保证鲜花的主花材品种、新鲜程度、数量、颜色与说明一致，谢谢。','蓝色','玫瑰','求婚鲜花',
'恋人','七夕',18,'手捧花束',999,false),
(18,1,'南国相思',323,'33枝顶级红玫瑰，相思梅丰满围边。','黑色牛皮纸圆形包装，白色缎带束扎。','把无数的思念化做心中无限的祝福，默默的为你祈祷。','免费附送精美贺卡，代写您的祝福。(您下单时可填写留言栏)',
'本地区各市县、乡镇、街道（市区内免费配送','由于鲜花包扎各地的花艺师不同，可能在花束的形式和搭配上与图片不完全一致，但我们保证鲜花的主花材品种、新鲜程度、数量、颜色与说明一致，谢谢。','蓝色','玫瑰','道歉鲜花',
'恋人','七夕',33,'桌花',999,false),
(19,1,'南国相思',453,'33枝顶级红玫瑰，相思梅丰满围边。','黑色牛皮纸圆形包装，白色缎带束扎。','把无数的思念化做心中无限的祝福，默默的为你祈祷。','免费附送精美贺卡，代写您的祝福。(您下单时可填写留言栏)',
'本地区各市县、乡镇、街道（市区内免费配送','由于鲜花包扎各地的花艺师不同，可能在花束的形式和搭配上与图片不完全一致，但我们保证鲜花的主花材品种、新鲜程度、数量、颜色与说明一致，谢谢。','搭配','玫瑰','求婚鲜花',
'恋人','七夕',33,'桌花',999,false),
(20,1,'南国相思',231,'33枝顶级红玫瑰，相思梅丰满围边。','黑色牛皮纸圆形包装，白色缎带束扎。','把无数的思念化做心中无限的祝福，默默的为你祈祷。','免费附送精美贺卡，代写您的祝福。(您下单时可填写留言栏)',
'本地区各市县、乡镇、街道（市区内免费配送','由于鲜花包扎各地的花艺师不同，可能在花束的形式和搭配上与图片不完全一致，但我们保证鲜花的主花材品种、新鲜程度、数量、颜色与说明一致，谢谢。','搭配','玫瑰','道歉鲜花',
'恋人','七夕',33,'桌花',999,false),
(21,1,'南国相思',543,'33枝顶级红玫瑰，相思梅丰满围边。','黑色牛皮纸圆形包装，白色缎带束扎。','把无数的思念化做心中无限的祝福，默默的为你祈祷。','免费附送精美贺卡，代写您的祝福。(您下单时可填写留言栏)',
'本地区各市县、乡镇、街道（市区内免费配送','由于鲜花包扎各地的花艺师不同，可能在花束的形式和搭配上与图片不完全一致，但我们保证鲜花的主花材品种、新鲜程度、数量、颜色与说明一致，谢谢。','搭配','玫瑰','道歉鲜花',
'恋人','七夕',33,'桌花',999,false),
(22,1,'南国相思',432,'33枝顶级红玫瑰，相思梅丰满围边。','黑色牛皮纸圆形包装，白色缎带束扎。','把无数的思念化做心中无限的祝福，默默的为你祈祷。','免费附送精美贺卡，代写您的祝福。(您下单时可填写留言栏)',
'本地区各市县、乡镇、街道（市区内免费配送','由于鲜花包扎各地的花艺师不同，可能在花束的形式和搭配上与图片不完全一致，但我们保证鲜花的主花材品种、新鲜程度、数量、颜色与说明一致，谢谢。','搭配','玫瑰','道歉鲜花',
'恋人','七夕',18,'桌花',999,false),
(23,1,'南国相思',234,'33枝顶级红玫瑰，相思梅丰满围边。','黑色牛皮纸圆形包装，白色缎带束扎。','把无数的思念化做心中无限的祝福，默默的为你祈祷。','免费附送精美贺卡，代写您的祝福。(您下单时可填写留言栏)',
'本地区各市县、乡镇、街道（市区内免费配送','由于鲜花包扎各地的花艺师不同，可能在花束的形式和搭配上与图片不完全一致，但我们保证鲜花的主花材品种、新鲜程度、数量、颜色与说明一致，谢谢。','搭配','玫瑰','道歉鲜花',
'恋人','七夕',18,'桌花',999,false),
(24,1,'南国相思',124,'33枝顶级红玫瑰，相思梅丰满围边。','黑色牛皮纸圆形包装，白色缎带束扎。','把无数的思念化做心中无限的祝福，默默的为你祈祷。','免费附送精美贺卡，代写您的祝福。(您下单时可填写留言栏)',
'本地区各市县、乡镇、街道（市区内免费配送','由于鲜花包扎各地的花艺师不同，可能在花束的形式和搭配上与图片不完全一致，但我们保证鲜花的主花材品种、新鲜程度、数量、颜色与说明一致，谢谢。','搭配','玫瑰','道歉鲜花',
'恋人','七夕',33,'桌花',999,true),
(25,1,'南国相思',154,'33枝顶级红玫瑰，相思梅丰满围边。','黑色牛皮纸圆形包装，白色缎带束扎。','把无数的思念化做心中无限的祝福，默默的为你祈祷。','免费附送精美贺卡，代写您的祝福。(您下单时可填写留言栏)',
'本地区各市县、乡镇、街道（市区内免费配送','由于鲜花包扎各地的花艺师不同，可能在花束的形式和搭配上与图片不完全一致，但我们保证鲜花的主花材品种、新鲜程度、数量、颜色与说明一致，谢谢。','搭配','玫瑰','爱情鲜花',
'恋人','七夕',33,'桌花',999,false),
(26,1,'南国相思',675,'33枝顶级红玫瑰，相思梅丰满围边。','黑色牛皮纸圆形包装，白色缎带束扎。','把无数的思念化做心中无限的祝福，默默的为你祈祷。','免费附送精美贺卡，代写您的祝福。(您下单时可填写留言栏)',
'本地区各市县、乡镇、街道（市区内免费配送','由于鲜花包扎各地的花艺师不同，可能在花束的形式和搭配上与图片不完全一致，但我们保证鲜花的主花材品种、新鲜程度、数量、颜色与说明一致，谢谢。','搭配','玫瑰','爱情鲜花',
'恋人','七夕',18,'桌花',999,false),
(27,1,'南国相思',435,'33枝顶级红玫瑰，相思梅丰满围边。','黑色牛皮纸圆形包装，白色缎带束扎。','把无数的思念化做心中无限的祝福，默默的为你祈祷。','免费附送精美贺卡，代写您的祝福。(您下单时可填写留言栏)',
'本地区各市县、乡镇、街道（市区内免费配送','由于鲜花包扎各地的花艺师不同，可能在花束的形式和搭配上与图片不完全一致，但我们保证鲜花的主花材品种、新鲜程度、数量、颜色与说明一致，谢谢。','搭配','玫瑰','爱情鲜花',
'恋人','七夕',19,'桌花',999,false),
(28,1,'南国相思',453,'33枝顶级红玫瑰，相思梅丰满围边。','黑色牛皮纸圆形包装，白色缎带束扎。','把无数的思念化做心中无限的祝福，默默的为你祈祷。','免费附送精美贺卡，代写您的祝福。(您下单时可填写留言栏)',
'本地区各市县、乡镇、街道（市区内免费配送','由于鲜花包扎各地的花艺师不同，可能在花束的形式和搭配上与图片不完全一致，但我们保证鲜花的主花材品种、新鲜程度、数量、颜色与说明一致，谢谢。','搭配','玫瑰','爱情鲜花',
'恋人','七夕',33,'桌花',999,false),
(29,1,'南国相思',434,'18枝顶级红玫瑰，相思梅丰满围边。','黑色牛皮纸圆形包装，白色缎带束扎。','把无数的思念化做心中无限的祝福，默默的为你祈祷。','免费附送精美贺卡，代写您的祝福。(您下单时可填写留言栏)',
'本地区各市县、乡镇、街道（市区内免费配送','由于鲜花包扎各地的花艺师不同，可能在花束的形式和搭配上与图片不完全一致，但我们保证鲜花的主花材品种、新鲜程度、数量、颜色与说明一致，谢谢。','搭配','玫瑰','求婚鲜花',
'恋人','七夕',18,'桌花',999,false),
(30,1,'南国相思',243,'18枝顶级红玫瑰，相思梅丰满围边。','黑色牛皮纸圆形包装，白色缎带束扎。','把无数的思念化做心中无限的祝福，默默的为你祈祷。','免费附送精美贺卡，代写您的祝福。(您下单时可填写留言栏)',
'本地区各市县、乡镇、街道（市区内免费配送','由于鲜花包扎各地的花艺师不同，可能在花束的形式和搭配上与图片不完全一致，但我们保证鲜花的主花材品种、新鲜程度、数量、颜色与说明一致，谢谢。','搭配','玫瑰','求婚鲜花',
'恋人','七夕',18,'手捧花束',999,true),
(31,1,'南国相思',303,'33枝顶级红玫瑰，相思梅丰满围边。','黑色牛皮纸圆形包装，白色缎带束扎。','把无数的思念化做心中无限的祝福，默默的为你祈祷。','免费附送精美贺卡，代写您的祝福。(您下单时可填写留言栏)',
'本地区各市县、乡镇、街道（市区内免费配送','由于鲜花包扎各地的花艺师不同，可能在花束的形式和搭配上与图片不完全一致，但我们保证鲜花的主花材品种、新鲜程度、数量、颜色与说明一致，谢谢。','粉色','玫瑰','求婚鲜花',
'恋人','七夕',19,'手捧花束',999,true),
(32,1,'南国相思',303,'33枝顶级红玫瑰，相思梅丰满围边。','黑色牛皮纸圆形包装，白色缎带束扎。','把无数的思念化做心中无限的祝福，默默的为你祈祷。','免费附送精美贺卡，代写您的祝福。(您下单时可填写留言栏)',
'本地区各市县、乡镇、街道（市区内免费配送','由于鲜花包扎各地的花艺师不同，可能在花束的形式和搭配上与图片不完全一致，但我们保证鲜花的主花材品种、新鲜程度、数量、颜色与说明一致，谢谢。','粉色','玫瑰','求婚鲜花',
'恋人','七夕',33,'手捧花束',999,false),
(33,1,'南国相思',436,'33枝顶级红玫瑰，相思梅丰满围边。','黑色牛皮纸圆形包装，白色缎带束扎。','把无数的思念化做心中无限的祝福，默默的为你祈祷。','免费附送精美贺卡，代写您的祝福。(您下单时可填写留言栏)',
'本地区各市县、乡镇、街道（市区内免费配送','由于鲜花包扎各地的花艺师不同，可能在花束的形式和搭配上与图片不完全一致，但我们保证鲜花的主花材品种、新鲜程度、数量、颜色与说明一致，谢谢。','粉色','玫瑰','求婚鲜花',
'恋人','七夕',33,'手捧花束',999,false),
(34,1,'南国相思',453,'33枝顶级红玫瑰，相思梅丰满围边。','黑色牛皮纸圆形包装，白色缎带束扎。','把无数的思念化做心中无限的祝福，默默的为你祈祷。','免费附送精美贺卡，代写您的祝福。(您下单时可填写留言栏)',
'本地区各市县、乡镇、街道（市区内免费配送','由于鲜花包扎各地的花艺师不同，可能在花束的形式和搭配上与图片不完全一致，但我们保证鲜花的主花材品种、新鲜程度、数量、颜色与说明一致，谢谢。','粉色','玫瑰','求婚鲜花',
'恋人','七夕',33,'韩式鲜花',999,false),
(35,1,'南国相思',341,'33枝顶级红玫瑰，相思梅丰满围边。','黑色牛皮纸圆形包装，白色缎带束扎。','把无数的思念化做心中无限的祝福，默默的为你祈祷。','免费附送精美贺卡，代写您的祝福。(您下单时可填写留言栏)',
'本地区各市县、乡镇、街道（市区内免费配送','由于鲜花包扎各地的花艺师不同，可能在花束的形式和搭配上与图片不完全一致，但我们保证鲜花的主花材品种、新鲜程度、数量、颜色与说明一致，谢谢。','粉色','玫瑰','爱情鲜花',
'恋人','七夕',19,'韩式鲜花',999,false),
(36,1,'南国相思',322,'33枝顶级红玫瑰，相思梅丰满围边。','黑色牛皮纸圆形包装，白色缎带束扎。','把无数的思念化做心中无限的祝福，默默的为你祈祷。','免费附送精美贺卡，代写您的祝福。(您下单时可填写留言栏)',
'本地区各市县、乡镇、街道（市区内免费配送','由于鲜花包扎各地的花艺师不同，可能在花束的形式和搭配上与图片不完全一致，但我们保证鲜花的主花材品种、新鲜程度、数量、颜色与说明一致，谢谢。','粉色','玫瑰','爱情鲜花',
'恋人','七夕',33,'韩式鲜花',999,true),
(37,1,'南国相思',303,'33枝顶级红玫瑰，相思梅丰满围边。','黑色牛皮纸圆形包装，白色缎带束扎。','把无数的思念化做心中无限的祝福，默默的为你祈祷。','免费附送精美贺卡，代写您的祝福。(您下单时可填写留言栏)',
'本地区各市县、乡镇、街道（市区内免费配送','由于鲜花包扎各地的花艺师不同，可能在花束的形式和搭配上与图片不完全一致，但我们保证鲜花的主花材品种、新鲜程度、数量、颜色与说明一致，谢谢。','粉色','玫瑰','求婚鲜花',
'恋人','七夕',33,'韩式鲜花',999,false),
(38,1,'南国相思',324,'33枝顶级红玫瑰，相思梅丰满围边。','黑色牛皮纸圆形包装，白色缎带束扎。','把无数的思念化做心中无限的祝福，默默的为你祈祷。','免费附送精美贺卡，代写您的祝福。(您下单时可填写留言栏)',
'本地区各市县、乡镇、街道（市区内免费配送','由于鲜花包扎各地的花艺师不同，可能在花束的形式和搭配上与图片不完全一致，但我们保证鲜花的主花材品种、新鲜程度、数量、颜色与说明一致，谢谢。','粉色','玫瑰','求婚鲜花',
'恋人','七夕',19,'韩式鲜花',999,false),
(39,1,'南国相思',457,'33枝顶级红玫瑰，相思梅丰满围边。','黑色牛皮纸圆形包装，白色缎带束扎。','把无数的思念化做心中无限的祝福，默默的为你祈祷。','免费附送精美贺卡，代写您的祝福。(您下单时可填写留言栏)',
'本地区各市县、乡镇、街道（市区内免费配送','由于鲜花包扎各地的花艺师不同，可能在花束的形式和搭配上与图片不完全一致，但我们保证鲜花的主花材品种、新鲜程度、数量、颜色与说明一致，谢谢。','粉色','玫瑰','求婚鲜花',
'恋人','七夕',19,'韩式鲜花',999,false),
(40,1,'南国相思',354,'33枝顶级红玫瑰，相思梅丰满围边。','黑色牛皮纸圆形包装，白色缎带束扎。','把无数的思念化做心中无限的祝福，默默的为你祈祷。','免费附送精美贺卡，代写您的祝福。(您下单时可填写留言栏)',
'本地区各市县、乡镇、街道（市区内免费配送','由于鲜花包扎各地的花艺师不同，可能在花束的形式和搭配上与图片不完全一致，但我们保证鲜花的主花材品种、新鲜程度、数量、颜色与说明一致，谢谢。','粉色','玫瑰','求婚鲜花',
'恋人','七夕',33,'韩式鲜花',999,false),
(41,1,'南国相思',234,'33枝顶级红玫瑰，相思梅丰满围边。','黑色牛皮纸圆形包装，白色缎带束扎。','把无数的思念化做心中无限的祝福，默默的为你祈祷。','免费附送精美贺卡，代写您的祝福。(您下单时可填写留言栏)',
'本地区各市县、乡镇、街道（市区内免费配送','由于鲜花包扎各地的花艺师不同，可能在花束的形式和搭配上与图片不完全一致，但我们保证鲜花的主花材品种、新鲜程度、数量、颜色与说明一致，谢谢。','粉色','玫瑰','求婚鲜花',
'恋人','七夕',33,'韩式鲜花',999,false),
(42,1,'南国相思',303,'33枝顶级红玫瑰，相思梅丰满围边。','黑色牛皮纸圆形包装，白色缎带束扎。','把无数的思念化做心中无限的祝福，默默的为你祈祷。','免费附送精美贺卡，代写您的祝福。(您下单时可填写留言栏)',
'本地区各市县、乡镇、街道（市区内免费配送','由于鲜花包扎各地的花艺师不同，可能在花束的形式和搭配上与图片不完全一致，但我们保证鲜花的主花材品种、新鲜程度、数量、颜色与说明一致，谢谢。','紫色','玫瑰','求婚鲜花',
'恋人','七夕',33,'韩式鲜花',999,true),
(43,1,'南国相思',243,'33枝顶级红玫瑰，相思梅丰满围边。','黑色牛皮纸圆形包装，白色缎带束扎。','把无数的思念化做心中无限的祝福，默默的为你祈祷。','免费附送精美贺卡，代写您的祝福。(您下单时可填写留言栏)',
'本地区各市县、乡镇、街道（市区内免费配送','由于鲜花包扎各地的花艺师不同，可能在花束的形式和搭配上与图片不完全一致，但我们保证鲜花的主花材品种、新鲜程度、数量、颜色与说明一致，谢谢。','紫色','玫瑰','求婚鲜花',
'恋人','七夕',19,'韩式鲜花',999,false),
(44,1,'南国相思',435,'33枝顶级红玫瑰，相思梅丰满围边。','黑色牛皮纸圆形包装，白色缎带束扎。','把无数的思念化做心中无限的祝福，默默的为你祈祷。','免费附送精美贺卡，代写您的祝福。(您下单时可填写留言栏)',
'本地区各市县、乡镇、街道（市区内免费配送','由于鲜花包扎各地的花艺师不同，可能在花束的形式和搭配上与图片不完全一致，但我们保证鲜花的主花材品种、新鲜程度、数量、颜色与说明一致，谢谢。','紫色','玫瑰','爱情鲜花',
'恋人','七夕',33,'手捧花束',999,true),
(45,1,'南国相思',657,'33枝顶级红玫瑰，相思梅丰满围边。','黑色牛皮纸圆形包装，白色缎带束扎。','把无数的思念化做心中无限的祝福，默默的为你祈祷。','免费附送精美贺卡，代写您的祝福。(您下单时可填写留言栏)',
'本地区各市县、乡镇、街道（市区内免费配送','由于鲜花包扎各地的花艺师不同，可能在花束的形式和搭配上与图片不完全一致，但我们保证鲜花的主花材品种、新鲜程度、数量、颜色与说明一致，谢谢。','紫色','玫瑰','求婚鲜花',
'恋人','七夕',19,'手捧花束',999,false),
(46,1,'南国相思',303,'33枝顶级红玫瑰，相思梅丰满围边。','黑色牛皮纸圆形包装，白色缎带束扎。','把无数的思念化做心中无限的祝福，默默的为你祈祷。','免费附送精美贺卡，代写您的祝福。(您下单时可填写留言栏)',
'本地区各市县、乡镇、街道（市区内免费配送','由于鲜花包扎各地的花艺师不同，可能在花束的形式和搭配上与图片不完全一致，但我们保证鲜花的主花材品种、新鲜程度、数量、颜色与说明一致，谢谢。','紫色','玫瑰','求婚鲜花',
'恋人','七夕',19,'手捧花束',999,false),
(47,1,'南国相思',768,'33枝顶级红玫瑰，相思梅丰满围边。','黑色牛皮纸圆形包装，白色缎带束扎。','把无数的思念化做心中无限的祝福，默默的为你祈祷。','免费附送精美贺卡，代写您的祝福。(您下单时可填写留言栏)',
'本地区各市县、乡镇、街道（市区内免费配送','由于鲜花包扎各地的花艺师不同，可能在花束的形式和搭配上与图片不完全一致，但我们保证鲜花的主花材品种、新鲜程度、数量、颜色与说明一致，谢谢。','紫色','玫瑰','爱情鲜花',
'恋人','七夕',33,'手捧花束',999,false),
(48,1,'南国相思',987,'33枝顶级红玫瑰，相思梅丰满围边。','黑色牛皮纸圆形包装，白色缎带束扎。','把无数的思念化做心中无限的祝福，默默的为你祈祷。','免费附送精美贺卡，代写您的祝福。(您下单时可填写留言栏)',
'本地区各市县、乡镇、街道（市区内免费配送','由于鲜花包扎各地的花艺师不同，可能在花束的形式和搭配上与图片不完全一致，但我们保证鲜花的主花材品种、新鲜程度、数量、颜色与说明一致，谢谢。','紫色','玫瑰','求婚鲜花',
'恋人','七夕',33,'手捧花束',999,false),
(49,1,'南国相思',567,'33枝顶级红玫瑰，相思梅丰满围边。','黑色牛皮纸圆形包装，白色缎带束扎。','把无数的思念化做心中无限的祝福，默默的为你祈祷。','免费附送精美贺卡，代写您的祝福。(您下单时可填写留言栏)',
'本地区各市县、乡镇、街道（市区内免费配送','由于鲜花包扎各地的花艺师不同，可能在花束的形式和搭配上与图片不完全一致，但我们保证鲜花的主花材品种、新鲜程度、数量、颜色与说明一致，谢谢。','紫色','玫瑰','求婚鲜花',
'恋人','七夕',33,'手捧花束',999,true),
(50,1,'南国相思',567,'33枝顶级红玫瑰，相思梅丰满围边。','黑色牛皮纸圆形包装，白色缎带束扎。','把无数的思念化做心中无限的祝福，默默的为你祈祷。','免费附送精美贺卡，代写您的祝福。(您下单时可填写留言栏)',
'本地区各市县、乡镇、街道（市区内免费配送','由于鲜花包扎各地的花艺师不同，可能在花束的形式和搭配上与图片不完全一致，但我们保证鲜花的主花材品种、新鲜程度、数量、颜色与说明一致，谢谢。','白色','玫瑰','求婚鲜花',
'恋人','七夕',33,'手捧花束',999,false),
(51,1,'南国相思',456,'33枝顶级红玫瑰，相思梅丰满围边。','黑色牛皮纸圆形包装，白色缎带束扎。','把无数的思念化做心中无限的祝福，默默的为你祈祷。','免费附送精美贺卡，代写您的祝福。(您下单时可填写留言栏)',
'本地区各市县、乡镇、街道（市区内免费配送','由于鲜花包扎各地的花艺师不同，可能在花束的形式和搭配上与图片不完全一致，但我们保证鲜花的主花材品种、新鲜程度、数量、颜色与说明一致，谢谢。','白色','玫瑰','爱情鲜花',
'恋人','七夕',19,'手捧花束',999,true),
(52,1,'南国相思',243,'33枝顶级红玫瑰，相思梅丰满围边。','黑色牛皮纸圆形包装，白色缎带束扎。','把无数的思念化做心中无限的祝福，默默的为你祈祷。','免费附送精美贺卡，代写您的祝福。(您下单时可填写留言栏)',
'本地区各市县、乡镇、街道（市区内免费配送','由于鲜花包扎各地的花艺师不同，可能在花束的形式和搭配上与图片不完全一致，但我们保证鲜花的主花材品种、新鲜程度、数量、颜色与说明一致，谢谢。','白色','玫瑰','爱情鲜花',
'恋人','七夕',19,'手捧花束',999,false),
(53,1,'南国相思',678,'33枝顶级红玫瑰，相思梅丰满围边。','黑色牛皮纸圆形包装，白色缎带束扎。','把无数的思念化做心中无限的祝福，默默的为你祈祷。','免费附送精美贺卡，代写您的祝福。(您下单时可填写留言栏)',
'本地区各市县、乡镇、街道（市区内免费配送','由于鲜花包扎各地的花艺师不同，可能在花束的形式和搭配上与图片不完全一致，但我们保证鲜花的主花材品种、新鲜程度、数量、颜色与说明一致，谢谢。','白色','玫瑰','爱情鲜花',
'恋人','七夕',21,'手捧花束',999,true),
(54,1,'南国相思',303,'33枝顶级红玫瑰，相思梅丰满围边。','黑色牛皮纸圆形包装，白色缎带束扎。','把无数的思念化做心中无限的祝福，默默的为你祈祷。','免费附送精美贺卡，代写您的祝福。(您下单时可填写留言栏)',
'本地区各市县、乡镇、街道（市区内免费配送','由于鲜花包扎各地的花艺师不同，可能在花束的形式和搭配上与图片不完全一致，但我们保证鲜花的主花材品种、新鲜程度、数量、颜色与说明一致，谢谢。','白色','玫瑰','求婚鲜花',
'恋人','七夕',22,'手捧花束',999,false),
(55,1,'南国相思',303,'33枝顶级红玫瑰，相思梅丰满围边。','黑色牛皮纸圆形包装，白色缎带束扎。','把无数的思念化做心中无限的祝福，默默的为你祈祷。','免费附送精美贺卡，代写您的祝福。(您下单时可填写留言栏)',
'本地区各市县、乡镇、街道（市区内免费配送','由于鲜花包扎各地的花艺师不同，可能在花束的形式和搭配上与图片不完全一致，但我们保证鲜花的主花材品种、新鲜程度、数量、颜色与说明一致，谢谢。','黄色','玫瑰','求婚鲜花',
'恋人','七夕',21,'手捧花束',999,false),
(56,1,'南国相思',768,'33枝顶级红玫瑰，相思梅丰满围边。','黑色牛皮纸圆形包装，白色缎带束扎。','把无数的思念化做心中无限的祝福，默默的为你祈祷。','免费附送精美贺卡，代写您的祝福。(您下单时可填写留言栏)',
'本地区各市县、乡镇、街道（市区内免费配送','由于鲜花包扎各地的花艺师不同，可能在花束的形式和搭配上与图片不完全一致，但我们保证鲜花的主花材品种、新鲜程度、数量、颜色与说明一致，谢谢。','黄色','玫瑰','爱情鲜花',
'恋人','七夕',22,'手捧花束',999,false),
(57,1,'南国相思',789,'33枝顶级红玫瑰，相思梅丰满围边。','黑色牛皮纸圆形包装，白色缎带束扎。','把无数的思念化做心中无限的祝福，默默的为你祈祷。','免费附送精美贺卡，代写您的祝福。(您下单时可填写留言栏)',
'本地区各市县、乡镇、街道（市区内免费配送','由于鲜花包扎各地的花艺师不同，可能在花束的形式和搭配上与图片不完全一致，但我们保证鲜花的主花材品种、新鲜程度、数量、颜色与说明一致，谢谢。','黄色','玫瑰','爱情鲜花',
'恋人','七夕',21,'手捧花束',999,true),
(58,1,'南国相思',456,'33枝顶级红玫瑰，相思梅丰满围边。','黑色牛皮纸圆形包装，白色缎带束扎。','把无数的思念化做心中无限的祝福，默默的为你祈祷。','免费附送精美贺卡，代写您的祝福。(您下单时可填写留言栏)',
'本地区各市县、乡镇、街道（市区内免费配送','由于鲜花包扎各地的花艺师不同，可能在花束的形式和搭配上与图片不完全一致，但我们保证鲜花的主花材品种、新鲜程度、数量、颜色与说明一致，谢谢。','黄色','玫瑰','求婚鲜花',
'恋人','七夕',22,'手捧花束',999,false),
(59,1,'南国相思',325,'33枝顶级红玫瑰，相思梅丰满围边。','黑色牛皮纸圆形包装，白色缎带束扎。','把无数的思念化做心中无限的祝福，默默的为你祈祷。','免费附送精美贺卡，代写您的祝福。(您下单时可填写留言栏)',
'本地区各市县、乡镇、街道（市区内免费配送','由于鲜花包扎各地的花艺师不同，可能在花束的形式和搭配上与图片不完全一致，但我们保证鲜花的主花材品种、新鲜程度、数量、颜色与说明一致，谢谢。','黄色','玫瑰','求婚鲜花',
'恋人','七夕',33,'手捧花束',999,false),
(60,1,'南国相思',303,'33枝顶级红玫瑰，相思梅丰满围边。','黑色牛皮纸圆形包装，白色缎带束扎。','把无数的思念化做心中无限的祝福，默默的为你祈祷。','免费附送精美贺卡，代写您的祝福。(您下单时可填写留言栏)',
'本地区各市县、乡镇、街道（市区内免费配送','由于鲜花包扎各地的花艺师不同，可能在花束的形式和搭配上与图片不完全一致，但我们保证鲜花的主花材品种、新鲜程度、数量、颜色与说明一致，谢谢。','黄色','玫瑰','爱情鲜花',
'恋人','七夕',33,'手捧花束',999,false),
(61,1,'南国相思',303,'33枝顶级红玫瑰，相思梅丰满围边。','黑色牛皮纸圆形包装，白色缎带束扎。','把无数的思念化做心中无限的祝福，默默的为你祈祷。','免费附送精美贺卡，代写您的祝福。(您下单时可填写留言栏)',
'本地区各市县、乡镇、街道（市区内免费配送','由于鲜花包扎各地的花艺师不同，可能在花束的形式和搭配上与图片不完全一致，但我们保证鲜花的主花材品种、新鲜程度、数量、颜色与说明一致，谢谢。','黄色','玫瑰','爱情鲜花',
'恋人','七夕',22,'手捧花束',999,false),
(62,1,'南国相思',345,'33枝顶级红玫瑰，相思梅丰满围边。','黑色牛皮纸圆形包装，白色缎带束扎。','把无数的思念化做心中无限的祝福，默默的为你祈祷。','免费附送精美贺卡，代写您的祝福。(您下单时可填写留言栏)',
'本地区各市县、乡镇、街道（市区内免费配送','由于鲜花包扎各地的花艺师不同，可能在花束的形式和搭配上与图片不完全一致，但我们保证鲜花的主花材品种、新鲜程度、数量、颜色与说明一致，谢谢。','黄色','玫瑰','爱情鲜花',
'恋人','七夕',21,'手捧花束',999,false),
(63,2,'南国相思',303,'33枝顶级红玫瑰，相思梅丰满围边。','黑色牛皮纸圆形包装，白色缎带束扎。','把无数的思念化做心中无限的祝福，默默的为你祈祷。','免费附送精美贺卡，代写您的祝福。(您下单时可填写留言栏)',
'本地区各市县、乡镇、街道（市区内免费配送','由于鲜花包扎各地的花艺师不同，可能在花束的形式和搭配上与图片不完全一致，但我们保证鲜花的主花材品种、新鲜程度、数量、颜色与说明一致，谢谢。','粉色','百合','求婚鲜花',
'恋人','七夕',21,'手捧花束',999,false),
(64,2,'南国相思',567,'33枝顶级红玫瑰，相思梅丰满围边。','黑色牛皮纸圆形包装，白色缎带束扎。','把无数的思念化做心中无限的祝福，默默的为你祈祷。','免费附送精美贺卡，代写您的祝福。(您下单时可填写留言栏)',
'本地区各市县、乡镇、街道（市区内免费配送','由于鲜花包扎各地的花艺师不同，可能在花束的形式和搭配上与图片不完全一致，但我们保证鲜花的主花材品种、新鲜程度、数量、颜色与说明一致，谢谢。','粉色','百合','爱情鲜花',
'恋人','七夕',22,'手捧花束',999,true),
(65,2,'南国相思',303,'33枝顶级红玫瑰，相思梅丰满围边。','黑色牛皮纸圆形包装，白色缎带束扎。','把无数的思念化做心中无限的祝福，默默的为你祈祷。','免费附送精美贺卡，代写您的祝福。(您下单时可填写留言栏)',
'本地区各市县、乡镇、街道（市区内免费配送','由于鲜花包扎各地的花艺师不同，可能在花束的形式和搭配上与图片不完全一致，但我们保证鲜花的主花材品种、新鲜程度、数量、颜色与说明一致，谢谢。','粉色','百合','爱情鲜花',
'恋人','七夕',22,'手捧花束',999,false),
(66,2,'南国相思',303,'33枝顶级红玫瑰，相思梅丰满围边。','黑色牛皮纸圆形包装，白色缎带束扎。','把无数的思念化做心中无限的祝福，默默的为你祈祷。','免费附送精美贺卡，代写您的祝福。(您下单时可填写留言栏)',
'本地区各市县、乡镇、街道（市区内免费配送','由于鲜花包扎各地的花艺师不同，可能在花束的形式和搭配上与图片不完全一致，但我们保证鲜花的主花材品种、新鲜程度、数量、颜色与说明一致，谢谢。','粉色','百合','爱情鲜花',
'恋人','七夕',22,'手捧花束',999,true),
(67,2,'南国相思',768,'33枝顶级红玫瑰，相思梅丰满围边。','黑色牛皮纸圆形包装，白色缎带束扎。','把无数的思念化做心中无限的祝福，默默的为你祈祷。','免费附送精美贺卡，代写您的祝福。(您下单时可填写留言栏)',
'本地区各市县、乡镇、街道（市区内免费配送','由于鲜花包扎各地的花艺师不同，可能在花束的形式和搭配上与图片不完全一致，但我们保证鲜花的主花材品种、新鲜程度、数量、颜色与说明一致，谢谢。','粉色','百合','爱情鲜花',
'恋人','七夕',16,'手捧花束',999,false),
(68,2,'南国相思',789,'33枝顶级红玫瑰，相思梅丰满围边。','黑色牛皮纸圆形包装，白色缎带束扎。','把无数的思念化做心中无限的祝福，默默的为你祈祷。','免费附送精美贺卡，代写您的祝福。(您下单时可填写留言栏)',
'本地区各市县、乡镇、街道（市区内免费配送','由于鲜花包扎各地的花艺师不同，可能在花束的形式和搭配上与图片不完全一致，但我们保证鲜花的主花材品种、新鲜程度、数量、颜色与说明一致，谢谢。','粉色','百合','求婚鲜花',
'恋人','七夕',18,'手捧花束',999,true),
(69,2,'南国相思',303,'33枝顶级红玫瑰，相思梅丰满围边。','黑色牛皮纸圆形包装，白色缎带束扎。','把无数的思念化做心中无限的祝福，默默的为你祈祷。','免费附送精美贺卡，代写您的祝福。(您下单时可填写留言栏)',
'本地区各市县、乡镇、街道（市区内免费配送','由于鲜花包扎各地的花艺师不同，可能在花束的形式和搭配上与图片不完全一致，但我们保证鲜花的主花材品种、新鲜程度、数量、颜色与说明一致，谢谢。','粉色','百合','爱情鲜花',
'恋人','七夕',17,'手捧花束',999,false),
(70,2,'南国相思',766,'33枝顶级红玫瑰，相思梅丰满围边。','黑色牛皮纸圆形包装，白色缎带束扎。','把无数的思念化做心中无限的祝福，默默的为你祈祷。','免费附送精美贺卡，代写您的祝福。(您下单时可填写留言栏)',
'本地区各市县、乡镇、街道（市区内免费配送','由于鲜花包扎各地的花艺师不同，可能在花束的形式和搭配上与图片不完全一致，但我们保证鲜花的主花材品种、新鲜程度、数量、颜色与说明一致，谢谢。','粉色','百合','爱情鲜花',
'恋人','七夕',17,'手捧花束',999,false),
(71,2,'南国相思',768,'33枝顶级红玫瑰，相思梅丰满围边。','黑色牛皮纸圆形包装，白色缎带束扎。','把无数的思念化做心中无限的祝福，默默的为你祈祷。','免费附送精美贺卡，代写您的祝福。(您下单时可填写留言栏)',
'本地区各市县、乡镇、街道（市区内免费配送','由于鲜花包扎各地的花艺师不同，可能在花束的形式和搭配上与图片不完全一致，但我们保证鲜花的主花材品种、新鲜程度、数量、颜色与说明一致，谢谢。','粉色','百合','求婚鲜花',
'恋人','七夕',33,'手捧花束',999,true),
(72,2,'南国相思',465,'33枝顶级红玫瑰，相思梅丰满围边。','黑色牛皮纸圆形包装，白色缎带束扎。','把无数的思念化做心中无限的祝福，默默的为你祈祷。','免费附送精美贺卡，代写您的祝福。(您下单时可填写留言栏)',
'本地区各市县、乡镇、街道（市区内免费配送','由于鲜花包扎各地的花艺师不同，可能在花束的形式和搭配上与图片不完全一致，但我们保证鲜花的主花材品种、新鲜程度、数量、颜色与说明一致，谢谢。','粉色','百合','求婚鲜花',
'恋人','七夕',17,'礼盒鲜花',999,false),
(73,2,'南国相思',346,'33枝顶级红玫瑰，相思梅丰满围边。','黑色牛皮纸圆形包装，白色缎带束扎。','把无数的思念化做心中无限的祝福，默默的为你祈祷。','免费附送精美贺卡，代写您的祝福。(您下单时可填写留言栏)',
'本地区各市县、乡镇、街道（市区内免费配送','由于鲜花包扎各地的花艺师不同，可能在花束的形式和搭配上与图片不完全一致，但我们保证鲜花的主花材品种、新鲜程度、数量、颜色与说明一致，谢谢。','粉色','百合','爱情鲜花',
'恋人','七夕',22,'手捧花束',999,true),
(74,2,'南国相思',679,'33枝顶级红玫瑰，相思梅丰满围边。','黑色牛皮纸圆形包装，白色缎带束扎。','把无数的思念化做心中无限的祝福，默默的为你祈祷。','免费附送精美贺卡，代写您的祝福。(您下单时可填写留言栏)',
'本地区各市县、乡镇、街道（市区内免费配送','由于鲜花包扎各地的花艺师不同，可能在花束的形式和搭配上与图片不完全一致，但我们保证鲜花的主花材品种、新鲜程度、数量、颜色与说明一致，谢谢。','粉色','百合','爱情鲜花',
'恋人','七夕',33,'礼盒鲜花',999,false),
(75,2,'南国相思',999,'33枝顶级红玫瑰，相思梅丰满围边。','黑色牛皮纸圆形包装，白色缎带束扎。','把无数的思念化做心中无限的祝福，默默的为你祈祷。','免费附送精美贺卡，代写您的祝福。(您下单时可填写留言栏)',
'本地区各市县、乡镇、街道（市区内免费配送','由于鲜花包扎各地的花艺师不同，可能在花束的形式和搭配上与图片不完全一致，但我们保证鲜花的主花材品种、新鲜程度、数量、颜色与说明一致，谢谢。','粉色','百合','爱情鲜花',
'恋人','七夕',33,'礼盒鲜花',999,false),
(76,2,'南国相思',677,'33枝顶级红玫瑰，相思梅丰满围边。','黑色牛皮纸圆形包装，白色缎带束扎。','把无数的思念化做心中无限的祝福，默默的为你祈祷。','免费附送精美贺卡，代写您的祝福。(您下单时可填写留言栏)',
'本地区各市县、乡镇、街道（市区内免费配送','由于鲜花包扎各地的花艺师不同，可能在花束的形式和搭配上与图片不完全一致，但我们保证鲜花的主花材品种、新鲜程度、数量、颜色与说明一致，谢谢。','粉色','百合','爱情鲜花',
'恋人','七夕',33,'手捧花束',999,true),
(77,2,'南国相思',777,'18枝顶级红玫瑰，相思梅丰满围边。','黑色牛皮纸圆形包装，白色缎带束扎。','把无数的思念化做心中无限的祝福，默默的为你祈祷。','免费附送精美贺卡，代写您的祝福。(您下单时可填写留言栏)',
'本地区各市县、乡镇、街道（市区内免费配送','由于鲜花包扎各地的花艺师不同，可能在花束的形式和搭配上与图片不完全一致，但我们保证鲜花的主花材品种、新鲜程度、数量、颜色与说明一致，谢谢。','粉色','百合','爱情鲜花',
'恋人','七夕',18,'手捧花束',999,false),
(78,2,'南国相思',888,'33枝顶级红玫瑰，相思梅丰满围边。','黑色牛皮纸圆形包装，白色缎带束扎。','把无数的思念化做心中无限的祝福，默默的为你祈祷。','免费附送精美贺卡，代写您的祝福。(您下单时可填写留言栏)',
'本地区各市县、乡镇、街道（市区内免费配送','由于鲜花包扎各地的花艺师不同，可能在花束的形式和搭配上与图片不完全一致，但我们保证鲜花的主花材品种、新鲜程度、数量、颜色与说明一致，谢谢。','白色','百合','爱情鲜花',
'恋人','七夕',33,'手捧花束',999,true),
(79,2,'南国相思',354,'18枝顶级红玫瑰，相思梅丰满围边。','黑色牛皮纸圆形包装，白色缎带束扎。','把无数的思念化做心中无限的祝福，默默的为你祈祷。','免费附送精美贺卡，代写您的祝福。(您下单时可填写留言栏)',
'本地区各市县、乡镇、街道（市区内免费配送','由于鲜花包扎各地的花艺师不同，可能在花束的形式和搭配上与图片不完全一致，但我们保证鲜花的主花材品种、新鲜程度、数量、颜色与说明一致，谢谢。','白色','百合','求婚鲜花',
'恋人','七夕',18,'手捧花束',999,false),
(80,2,'南国相思',303,'33枝顶级红玫瑰，相思梅丰满围边。','黑色牛皮纸圆形包装，白色缎带束扎。','把无数的思念化做心中无限的祝福，默默的为你祈祷。','免费附送精美贺卡，代写您的祝福。(您下单时可填写留言栏)',
'本地区各市县、乡镇、街道（市区内免费配送','由于鲜花包扎各地的花艺师不同，可能在花束的形式和搭配上与图片不完全一致，但我们保证鲜花的主花材品种、新鲜程度、数量、颜色与说明一致，谢谢。','白色','百合','求婚鲜花',
'恋人','七夕',33,'手捧花束',999,false),
(81,2,'南国相思',255,'18枝顶级红玫瑰，相思梅丰满围边。','黑色牛皮纸圆形包装，白色缎带束扎。','把无数的思念化做心中无限的祝福，默默的为你祈祷。','免费附送精美贺卡，代写您的祝福。(您下单时可填写留言栏)',
'本地区各市县、乡镇、街道（市区内免费配送','由于鲜花包扎各地的花艺师不同，可能在花束的形式和搭配上与图片不完全一致，但我们保证鲜花的主花材品种、新鲜程度、数量、颜色与说明一致，谢谢。','白色','百合','求婚鲜花',
'恋人','七夕',18,'手捧花束',999,true),
(82,2,'南国相思',255,'33枝顶级红玫瑰，相思梅丰满围边。','黑色牛皮纸圆形包装，白色缎带束扎。','把无数的思念化做心中无限的祝福，默默的为你祈祷。','免费附送精美贺卡，代写您的祝福。(您下单时可填写留言栏)',
'本地区各市县、乡镇、街道（市区内免费配送','由于鲜花包扎各地的花艺师不同，可能在花束的形式和搭配上与图片不完全一致，但我们保证鲜花的主花材品种、新鲜程度、数量、颜色与说明一致，谢谢。','白色','百合','爱情鲜花',
'恋人','七夕',33,'手捧花束',999,false),
(83,2,'南国相思',455,'33枝顶级红玫瑰，相思梅丰满围边。','黑色牛皮纸圆形包装，白色缎带束扎。','把无数的思念化做心中无限的祝福，默默的为你祈祷。','免费附送精美贺卡，代写您的祝福。(您下单时可填写留言栏)',
'本地区各市县、乡镇、街道（市区内免费配送','由于鲜花包扎各地的花艺师不同，可能在花束的形式和搭配上与图片不完全一致，但我们保证鲜花的主花材品种、新鲜程度、数量、颜色与说明一致，谢谢。','白色','百合','爱情鲜花',
'恋人','七夕',22,'韩式鲜花',999,true),
(84,2,'南国相思',675,'17枝顶级红玫瑰，相思梅丰满围边。','黑色牛皮纸圆形包装，白色缎带束扎。','把无数的思念化做心中无限的祝福，默默的为你祈祷。','免费附送精美贺卡，代写您的祝福。(您下单时可填写留言栏)',
'本地区各市县、乡镇、街道（市区内免费配送','由于鲜花包扎各地的花艺师不同，可能在花束的形式和搭配上与图片不完全一致，但我们保证鲜花的主花材品种、新鲜程度、数量、颜色与说明一致，谢谢。','白色','百合','爱情鲜花',
'恋人','七夕',17,'韩式鲜花',999,false),
(85,2,'南国相思',543,'17枝顶级红玫瑰，相思梅丰满围边。','黑色牛皮纸圆形包装，白色缎带束扎。','把无数的思念化做心中无限的祝福，默默的为你祈祷。','免费附送精美贺卡，代写您的祝福。(您下单时可填写留言栏)',
'本地区各市县、乡镇、街道（市区内免费配送','由于鲜花包扎各地的花艺师不同，可能在花束的形式和搭配上与图片不完全一致，但我们保证鲜花的主花材品种、新鲜程度、数量、颜色与说明一致，谢谢。','白色','百合','爱情鲜花',
'恋人','七夕',17,'韩式鲜花',999,false),
(86,2,'南国相思',877,'33枝顶级红玫瑰，相思梅丰满围边。','黑色牛皮纸圆形包装，白色缎带束扎。','把无数的思念化做心中无限的祝福，默默的为你祈祷。','免费附送精美贺卡，代写您的祝福。(您下单时可填写留言栏)',
'本地区各市县、乡镇、街道（市区内免费配送','由于鲜花包扎各地的花艺师不同，可能在花束的形式和搭配上与图片不完全一致，但我们保证鲜花的主花材品种、新鲜程度、数量、颜色与说明一致，谢谢。','白色','百合','爱情鲜花',
'恋人','七夕',22,'手捧花束',999,true),
(87,2,'南国相思',789,'33枝顶级红玫瑰，相思梅丰满围边。','黑色牛皮纸圆形包装，白色缎带束扎。','把无数的思念化做心中无限的祝福，默默的为你祈祷。','免费附送精美贺卡，代写您的祝福。(您下单时可填写留言栏)',
'本地区各市县、乡镇、街道（市区内免费配送','由于鲜花包扎各地的花艺师不同，可能在花束的形式和搭配上与图片不完全一致，但我们保证鲜花的主花材品种、新鲜程度、数量、颜色与说明一致，谢谢。','白色','百合','爱情鲜花',
'恋人','七夕',33,'礼盒鲜花',999,false),
(88,3,'南国相思',303,'33枝顶级红玫瑰，相思梅丰满围边。','黑色牛皮纸圆形包装，白色缎带束扎。','把无数的思念化做心中无限的祝福，默默的为你祈祷。','免费附送精美贺卡，代写您的祝福。(您下单时可填写留言栏)',
'本地区各市县、乡镇、街道（市区内免费配送','由于鲜花包扎各地的花艺师不同，可能在花束的形式和搭配上与图片不完全一致，但我们保证鲜花的主花材品种、新鲜程度、数量、颜色与说明一致，谢谢。','黄色','向日葵','探病慰问',
'病人','中秋节',33,'手捧花束',999,true),
(89,3,'南国相思',990,'33枝顶级红玫瑰，相思梅丰满围边。','黑色牛皮纸圆形包装，白色缎带束扎。','把无数的思念化做心中无限的祝福，默默的为你祈祷。','免费附送精美贺卡，代写您的祝福。(您下单时可填写留言栏)',
'本地区各市县、乡镇、街道（市区内免费配送','由于鲜花包扎各地的花艺师不同，可能在花束的形式和搭配上与图片不完全一致，但我们保证鲜花的主花材品种、新鲜程度、数量、颜色与说明一致，谢谢。','黄色','向日葵','探病慰问',
'病人','中秋节',33,'手捧花束',999,false),
(90,3,'南国相思',456,'33枝顶级红玫瑰，相思梅丰满围边。','黑色牛皮纸圆形包装，白色缎带束扎。','把无数的思念化做心中无限的祝福，默默的为你祈祷。','免费附送精美贺卡，代写您的祝福。(您下单时可填写留言栏)',
'本地区各市县、乡镇、街道（市区内免费配送','由于鲜花包扎各地的花艺师不同，可能在花束的形式和搭配上与图片不完全一致，但我们保证鲜花的主花材品种、新鲜程度、数量、颜色与说明一致，谢谢。','黄色','向日葵','探病慰问',
'病人','中秋节',22,'礼盒鲜花',999,false),
(91,3,'南国相思',768,'17枝顶级红玫瑰，相思梅丰满围边。','黑色牛皮纸圆形包装，白色缎带束扎。','把无数的思念化做心中无限的祝福，默默的为你祈祷。','免费附送精美贺卡，代写您的祝福。(您下单时可填写留言栏)',
'本地区各市县、乡镇、街道（市区内免费配送','由于鲜花包扎各地的花艺师不同，可能在花束的形式和搭配上与图片不完全一致，但我们保证鲜花的主花材品种、新鲜程度、数量、颜色与说明一致，谢谢。','黄色','向日葵','探病慰问',
'病人','中秋节',17,'礼盒鲜花',999,false),
(92,3,'南国相思',987,'33枝顶级红玫瑰，相思梅丰满围边。','黑色牛皮纸圆形包装，白色缎带束扎。','把无数的思念化做心中无限的祝福，默默的为你祈祷。','免费附送精美贺卡，代写您的祝福。(您下单时可填写留言栏)',
'本地区各市县、乡镇、街道（市区内免费配送','由于鲜花包扎各地的花艺师不同，可能在花束的形式和搭配上与图片不完全一致，但我们保证鲜花的主花材品种、新鲜程度、数量、颜色与说明一致，谢谢。','黄色','向日葵','探病慰问',
'病人','中秋节',22,'韩式鲜花',999,true),
(93,3,'南国相思',303,'33枝顶级红玫瑰，相思梅丰满围边。','黑色牛皮纸圆形包装，白色缎带束扎。','把无数的思念化做心中无限的祝福，默默的为你祈祷。','免费附送精美贺卡，代写您的祝福。(您下单时可填写留言栏)',
'本地区各市县、乡镇、街道（市区内免费配送','由于鲜花包扎各地的花艺师不同，可能在花束的形式和搭配上与图片不完全一致，但我们保证鲜花的主花材品种、新鲜程度、数量、颜色与说明一致，谢谢。','黄色','向日葵','探病慰问',
'病人','中秋节',33,'韩式鲜花',999,true),
(94,3,'南国相思',345,'33枝顶级红玫瑰，相思梅丰满围边。','黑色牛皮纸圆形包装，白色缎带束扎。','把无数的思念化做心中无限的祝福，默默的为你祈祷。','免费附送精美贺卡，代写您的祝福。(您下单时可填写留言栏)',
'本地区各市县、乡镇、街道（市区内免费配送','由于鲜花包扎各地的花艺师不同，可能在花束的形式和搭配上与图片不完全一致，但我们保证鲜花的主花材品种、新鲜程度、数量、颜色与说明一致，谢谢。','黄色','向日葵','探病慰问',
'病人','中秋节',33,'韩式鲜花',999,false),
(95,3,'南国相思',303,'33枝顶级红玫瑰，相思梅丰满围边。','黑色牛皮纸圆形包装，白色缎带束扎。','把无数的思念化做心中无限的祝福，默默的为你祈祷。','免费附送精美贺卡，代写您的祝福。(您下单时可填写留言栏)',
'本地区各市县、乡镇、街道（市区内免费配送','由于鲜花包扎各地的花艺师不同，可能在花束的形式和搭配上与图片不完全一致，但我们保证鲜花的主花材品种、新鲜程度、数量、颜色与说明一致，谢谢。','黄色','向日葵','探病慰问',
'病人','中秋节',33,'韩式鲜花',999,false),
(96,3,'南国相思',345,'33枝顶级红玫瑰，相思梅丰满围边。','黑色牛皮纸圆形包装，白色缎带束扎。','把无数的思念化做心中无限的祝福，默默的为你祈祷。','免费附送精美贺卡，代写您的祝福。(您下单时可填写留言栏)',
'本地区各市县、乡镇、街道（市区内免费配送','由于鲜花包扎各地的花艺师不同，可能在花束的形式和搭配上与图片不完全一致，但我们保证鲜花的主花材品种、新鲜程度、数量、颜色与说明一致，谢谢。','黄色','向日葵','探病慰问',
'病人','中秋节',22,'手捧花束',999,false),
(97,3,'南国相思',345,'17枝顶级红玫瑰，相思梅丰满围边。','黑色牛皮纸圆形包装，白色缎带束扎。','把无数的思念化做心中无限的祝福，默默的为你祈祷。','免费附送精美贺卡，代写您的祝福。(您下单时可填写留言栏)',
'本地区各市县、乡镇、街道（市区内免费配送','由于鲜花包扎各地的花艺师不同，可能在花束的形式和搭配上与图片不完全一致，但我们保证鲜花的主花材品种、新鲜程度、数量、颜色与说明一致，谢谢。','黄色','向日葵','探病慰问',
'病人','中秋节',17,'手捧花束',999,false),
(98,4,'南国相思',666,'33枝顶级红玫瑰，相思梅丰满围边。','黑色牛皮纸圆形包装，白色缎带束扎。','把无数的思念化做心中无限的祝福，默默的为你祈祷。','免费附送精美贺卡，代写您的祝福。(您下单时可填写留言栏)',
'本地区各市县、乡镇、街道（市区内免费配送','由于鲜花包扎各地的花艺师不同，可能在花束的形式和搭配上与图片不完全一致，但我们保证鲜花的主花材品种、新鲜程度、数量、颜色与说明一致，谢谢。','','康乃馨','老师长辈',
'老师','教师节',33,'手捧花束',999,true),
(99,4,'南国相思',678,'33枝顶级红玫瑰，相思梅丰满围边。','黑色牛皮纸圆形包装，白色缎带束扎。','把无数的思念化做心中无限的祝福，默默的为你祈祷。','免费附送精美贺卡，代写您的祝福。(您下单时可填写留言栏)',
'本地区各市县、乡镇、街道（市区内免费配送','由于鲜花包扎各地的花艺师不同，可能在花束的形式和搭配上与图片不完全一致，但我们保证鲜花的主花材品种、新鲜程度、数量、颜色与说明一致，谢谢。','','康乃馨','老师长辈',
'老师','教师节',22,'礼盒鲜花',999,true),
(100,4,'南国相思',303,'33枝顶级红玫瑰，相思梅丰满围边。','黑色牛皮纸圆形包装，白色缎带束扎。','把无数的思念化做心中无限的祝福，默默的为你祈祷。','免费附送精美贺卡，代写您的祝福。(您下单时可填写留言栏)',
'本地区各市县、乡镇、街道（市区内免费配送','由于鲜花包扎各地的花艺师不同，可能在花束的形式和搭配上与图片不完全一致，但我们保证鲜花的主花材品种、新鲜程度、数量、颜色与说明一致，谢谢。','','康乃馨','老师长辈',
'老师','教师节',22,'礼盒鲜花',999,false),
(101,4,'南国相思',234,'17枝顶级红玫瑰，相思梅丰满围边。','黑色牛皮纸圆形包装，白色缎带束扎。','把无数的思念化做心中无限的祝福，默默的为你祈祷。','免费附送精美贺卡，代写您的祝福。(您下单时可填写留言栏)',
'本地区各市县、乡镇、街道（市区内免费配送','由于鲜花包扎各地的花艺师不同，可能在花束的形式和搭配上与图片不完全一致，但我们保证鲜花的主花材品种、新鲜程度、数量、颜色与说明一致，谢谢。','','康乃馨','老师长辈',
'老师','教师节',22,'手捧花束',999,false),
(102,4,'南国相思',764,'33枝顶级红玫瑰，相思梅丰满围边。','黑色牛皮纸圆形包装，白色缎带束扎。','把无数的思念化做心中无限的祝福，默默的为你祈祷。','免费附送精美贺卡，代写您的祝福。(您下单时可填写留言栏)',
'本地区各市县、乡镇、街道（市区内免费配送','由于鲜花包扎各地的花艺师不同，可能在花束的形式和搭配上与图片不完全一致，但我们保证鲜花的主花材品种、新鲜程度、数量、颜色与说明一致，谢谢。','','康乃馨','老师长辈',
'父母','父亲节',22,'手捧花束',999,true),
(103,4,'南国相思',896,'17枝顶级红玫瑰，相思梅丰满围边。','黑色牛皮纸圆形包装，白色缎带束扎。','把无数的思念化做心中无限的祝福，默默的为你祈祷。','免费附送精美贺卡，代写您的祝福。(您下单时可填写留言栏)',
'本地区各市县、乡镇、街道（市区内免费配送','由于鲜花包扎各地的花艺师不同，可能在花束的形式和搭配上与图片不完全一致，但我们保证鲜花的主花材品种、新鲜程度、数量、颜色与说明一致，谢谢。','','康乃馨','老师长辈',
'父母','母亲节',17,'手捧花束',999,false),
(104,4,'南国相思',303,'33枝顶级红玫瑰，相思梅丰满围边。','黑色牛皮纸圆形包装，白色缎带束扎。','把无数的思念化做心中无限的祝福，默默的为你祈祷。','免费附送精美贺卡，代写您的祝福。(您下单时可填写留言栏)',
'本地区各市县、乡镇、街道（市区内免费配送','由于鲜花包扎各地的花艺师不同，可能在花束的形式和搭配上与图片不完全一致，但我们保证鲜花的主花材品种、新鲜程度、数量、颜色与说明一致，谢谢。','','康乃馨','老师长辈',
'父母','父亲节',21,'手捧花束',999,false),
(105,4,'南国相思',980,'33枝顶级红玫瑰，相思梅丰满围边。','黑色牛皮纸圆形包装，白色缎带束扎。','把无数的思念化做心中无限的祝福，默默的为你祈祷。','免费附送精美贺卡，代写您的祝福。(您下单时可填写留言栏)',
'本地区各市县、乡镇、街道（市区内免费配送','由于鲜花包扎各地的花艺师不同，可能在花束的形式和搭配上与图片不完全一致，但我们保证鲜花的主花材品种、新鲜程度、数量、颜色与说明一致，谢谢。','','康乃馨','老师长辈',
'父母','母亲节',21,'手捧花束',999,true),
(106,4,'南国相思',303,'33枝顶级红玫瑰，相思梅丰满围边。','黑色牛皮纸圆形包装，白色缎带束扎。','把无数的思念化做心中无限的祝福，默默的为你祈祷。','免费附送精美贺卡，代写您的祝福。(您下单时可填写留言栏)',
'本地区各市县、乡镇、街道（市区内免费配送','由于鲜花包扎各地的花艺师不同，可能在花束的形式和搭配上与图片不完全一致，但我们保证鲜花的主花材品种、新鲜程度、数量、颜色与说明一致，谢谢。','','康乃馨','老师长辈',
'父母','父亲节',33,'手捧花束',999,false),
(107,4,'南国相思',453,'17枝顶级红玫瑰，相思梅丰满围边。','黑色牛皮纸圆形包装，白色缎带束扎。','把无数的思念化做心中无限的祝福，默默的为你祈祷。','免费附送精美贺卡，代写您的祝福。(您下单时可填写留言栏)',
'本地区各市县、乡镇、街道（市区内免费配送','由于鲜花包扎各地的花艺师不同，可能在花束的形式和搭配上与图片不完全一致，但我们保证鲜花的主花材品种、新鲜程度、数量、颜色与说明一致，谢谢。','','康乃馨','老师长辈',
'父母','母亲节',17,'手捧花束',999,true),
(108,5,'南国相思',567,'33枝顶级红玫瑰，相思梅丰满围边。','黑色牛皮纸圆形包装，白色缎带束扎。','把无数的思念化做心中无限的祝福，默默的为你祈祷。','免费附送精美贺卡，代写您的祝福。(您下单时可填写留言栏)',
'本地区各市县、乡镇、街道（市区内免费配送','由于鲜花包扎各地的花艺师不同，可能在花束的形式和搭配上与图片不完全一致，但我们保证鲜花的主花材品种、新鲜程度、数量、颜色与说明一致，谢谢。','','郁金香','爱情鲜花',
'恋人','七夕',33,'手捧花束',999,false),
(109,5,'南国相思',303,'33枝顶级红玫瑰，相思梅丰满围边。','黑色牛皮纸圆形包装，白色缎带束扎。','把无数的思念化做心中无限的祝福，默默的为你祈祷。','免费附送精美贺卡，代写您的祝福。(您下单时可填写留言栏)',
'本地区各市县、乡镇、街道（市区内免费配送','由于鲜花包扎各地的花艺师不同，可能在花束的形式和搭配上与图片不完全一致，但我们保证鲜花的主花材品种、新鲜程度、数量、颜色与说明一致，谢谢。','','郁金香','爱情鲜花',
'恋人','七夕',33,'手捧花束',999,false),
(110,5,'南国相思',688,'33枝顶级红玫瑰，相思梅丰满围边。','黑色牛皮纸圆形包装，白色缎带束扎。','把无数的思念化做心中无限的祝福，默默的为你祈祷。','免费附送精美贺卡，代写您的祝福。(您下单时可填写留言栏)',
'本地区各市县、乡镇、街道（市区内免费配送','由于鲜花包扎各地的花艺师不同，可能在花束的形式和搭配上与图片不完全一致，但我们保证鲜花的主花材品种、新鲜程度、数量、颜色与说明一致，谢谢。','','郁金香','爱情鲜花',
'恋人','七夕',33,'手捧花束',999,true),
(111,6,'南国相思',665,'33枝顶级红玫瑰，相思梅丰满围边。','黑色牛皮纸圆形包装，白色缎带束扎。','把无数的思念化做心中无限的祝福，默默的为你祈祷。','免费附送精美贺卡，代写您的祝福。(您下单时可填写留言栏)',
'本地区各市县、乡镇、街道（市区内免费配送','由于鲜花包扎各地的花艺师不同，可能在花束的形式和搭配上与图片不完全一致，但我们保证鲜花的主花材品种、新鲜程度、数量、颜色与说明一致，谢谢。','粉色','扶郎','朋友生日',
'朋友','感恩节',33,'手捧花束',999,false),
(112,6,'南国相思',303,'33枝顶级红玫瑰，相思梅丰满围边。','黑色牛皮纸圆形包装，白色缎带束扎。','把无数的思念化做心中无限的祝福，默默的为你祈祷。','免费附送精美贺卡，代写您的祝福。(您下单时可填写留言栏)',
'本地区各市县、乡镇、街道（市区内免费配送','由于鲜花包扎各地的花艺师不同，可能在花束的形式和搭配上与图片不完全一致，但我们保证鲜花的主花材品种、新鲜程度、数量、颜色与说明一致，谢谢。','粉色','扶郎','朋友生日',
'朋友','感恩节',33,'韩式鲜花',999,true),
(113,6,'南国相思',303,'16枝顶级红玫瑰，相思梅丰满围边。','黑色牛皮纸圆形包装，白色缎带束扎。','把无数的思念化做心中无限的祝福，默默的为你祈祷。','免费附送精美贺卡，代写您的祝福。(您下单时可填写留言栏)',
'本地区各市县、乡镇、街道（市区内免费配送','由于鲜花包扎各地的花艺师不同，可能在花束的形式和搭配上与图片不完全一致，但我们保证鲜花的主花材品种、新鲜程度、数量、颜色与说明一致，谢谢。','粉色','扶郎','朋友生日',
'朋友','感恩节',16,'韩式鲜花',999,false),
(114,6,'南国相思',563,'33枝顶级红玫瑰，相思梅丰满围边。','黑色牛皮纸圆形包装，白色缎带束扎。','把无数的思念化做心中无限的祝福，默默的为你祈祷。','免费附送精美贺卡，代写您的祝福。(您下单时可填写留言栏)',
'本地区各市县、乡镇、街道（市区内免费配送','由于鲜花包扎各地的花艺师不同，可能在花束的形式和搭配上与图片不完全一致，但我们保证鲜花的主花材品种、新鲜程度、数量、颜色与说明一致，谢谢。','红色','扶郎','朋友生日',
'朋友','感恩节',21,'韩式鲜花',999,false),
(115,6,'南国相思',678,'16枝顶级红玫瑰，相思梅丰满围边。','黑色牛皮纸圆形包装，白色缎带束扎。','把无数的思念化做心中无限的祝福，默默的为你祈祷。','免费附送精美贺卡，代写您的祝福。(您下单时可填写留言栏)',
'本地区各市县、乡镇、街道（市区内免费配送','由于鲜花包扎各地的花艺师不同，可能在花束的形式和搭配上与图片不完全一致，但我们保证鲜花的主花材品种、新鲜程度、数量、颜色与说明一致，谢谢。','红色','扶郎','朋友生日',
'朋友','感恩节',16,'韩式鲜花',999,true),
(116,6,'南国相思',565,'33枝顶级红玫瑰，相思梅丰满围边。','黑色牛皮纸圆形包装，白色缎带束扎。','把无数的思念化做心中无限的祝福，默默的为你祈祷。','免费附送精美贺卡，代写您的祝福。(您下单时可填写留言栏)',
'本地区各市县、乡镇、街道（市区内免费配送','由于鲜花包扎各地的花艺师不同，可能在花束的形式和搭配上与图片不完全一致，但我们保证鲜花的主花材品种、新鲜程度、数量、颜色与说明一致，谢谢。','红色','扶郎','朋友生日',
'朋友','感恩节',21,'手捧花束',999,false),
(117,6,'南国相思',303,'16枝顶级红玫瑰，相思梅丰满围边。','黑色牛皮纸圆形包装，白色缎带束扎。','把无数的思念化做心中无限的祝福，默默的为你祈祷。','免费附送精美贺卡，代写您的祝福。(您下单时可填写留言栏)',
'本地区各市县、乡镇、街道（市区内免费配送','由于鲜花包扎各地的花艺师不同，可能在花束的形式和搭配上与图片不完全一致，但我们保证鲜花的主花材品种、新鲜程度、数量、颜色与说明一致，谢谢。','红色','扶郎','朋友生日',
'朋友','感恩节',21,'手捧花束',999,true),
(118,6,'南国相思',456,'33枝顶级红玫瑰，相思梅丰满围边。','黑色牛皮纸圆形包装，白色缎带束扎。','把无数的思念化做心中无限的祝福，默默的为你祈祷。','免费附送精美贺卡，代写您的祝福。(您下单时可填写留言栏)',
'本地区各市县、乡镇、街道（市区内免费配送','由于鲜花包扎各地的花艺师不同，可能在花束的形式和搭配上与图片不完全一致，但我们保证鲜花的主花材品种、新鲜程度、数量、颜色与说明一致，谢谢。','红色','扶郎','朋友生日',
'朋友','感恩节',20,'手捧花束',999,false),
(119,6,'南国相思',677,'33枝顶级红玫瑰，相思梅丰满围边。','黑色牛皮纸圆形包装，白色缎带束扎。','把无数的思念化做心中无限的祝福，默默的为你祈祷。','免费附送精美贺卡，代写您的祝福。(您下单时可填写留言栏)',
'本地区各市县、乡镇、街道（市区内免费配送','由于鲜花包扎各地的花艺师不同，可能在花束的形式和搭配上与图片不完全一致，但我们保证鲜花的主花材品种、新鲜程度、数量、颜色与说明一致，谢谢。','黄色','扶郎','朋友生日',
'朋友','感恩节',20,'韩式鲜花',999,false),
(120,6,'南国相思',303,'33枝顶级红玫瑰，相思梅丰满围边。','黑色牛皮纸圆形包装，白色缎带束扎。','把无数的思念化做心中无限的祝福，默默的为你祈祷。','免费附送精美贺卡，代写您的祝福。(您下单时可填写留言栏)',
'本地区各市县、乡镇、街道（市区内免费配送','由于鲜花包扎各地的花艺师不同，可能在花束的形式和搭配上与图片不完全一致，但我们保证鲜花的主花材品种、新鲜程度、数量、颜色与说明一致，谢谢。','黄色','扶郎','朋友生日',
'朋友','感恩节',20,'韩式鲜花',999,false),
(121,6,'南国相思',234,'33枝顶级红玫瑰，相思梅丰满围边。','黑色牛皮纸圆形包装，白色缎带束扎。','把无数的思念化做心中无限的祝福，默默的为你祈祷。','免费附送精美贺卡，代写您的祝福。(您下单时可填写留言栏)',
'本地区各市县、乡镇、街道（市区内免费配送','由于鲜花包扎各地的花艺师不同，可能在花束的形式和搭配上与图片不完全一致，但我们保证鲜花的主花材品种、新鲜程度、数量、颜色与说明一致，谢谢。','黄色','扶郎','朋友生日',
'朋友','感恩节',20,'韩式鲜花',999,false),
(122,7,'南国相思',222,'33枝顶级红玫瑰，相思梅丰满围边。','黑色牛皮纸圆形包装，白色缎带束扎。','把无数的思念化做心中无限的祝福，默默的为你祈祷。','免费附送精美贺卡，代写您的祝福。(您下单时可填写留言栏)',
'本地区各市县、乡镇、街道（市区内免费配送','由于鲜花包扎各地的花艺师不同，可能在花束的形式和搭配上与图片不完全一致，但我们保证鲜花的主花材品种、新鲜程度、数量、颜色与说明一致，谢谢。','','马蹄莲','爱情鲜花',
'恋人','七夕',20,'手捧花束',999,true),
(123,8,'南国相思',111,'33枝顶级红玫瑰，相思梅丰满围边。','黑色牛皮纸圆形包装，白色缎带束扎。','把无数的思念化做心中无限的祝福，默默的为你祈祷。','免费附送精美贺卡，代写您的祝福。(您下单时可填写留言栏)',
'本地区各市县、乡镇、街道（市区内免费配送','由于鲜花包扎各地的花艺师不同，可能在花束的形式和搭配上与图片不完全一致，但我们保证鲜花的主花材品种、新鲜程度、数量、颜色与说明一致，谢谢。','蓝色','满天星','爱情鲜花',
'恋人','七夕',20,'手捧花束',999,true),
(124,8,'南国相思',155,'33枝顶级红玫瑰，相思梅丰满围边。','黑色牛皮纸圆形包装，白色缎带束扎。','把无数的思念化做心中无限的祝福，默默的为你祈祷。','免费附送精美贺卡，代写您的祝福。(您下单时可填写留言栏)',
'本地区各市县、乡镇、街道（市区内免费配送','由于鲜花包扎各地的花艺师不同，可能在花束的形式和搭配上与图片不完全一致，但我们保证鲜花的主花材品种、新鲜程度、数量、颜色与说明一致，谢谢。','蓝色','满天星','爱情鲜花',
'恋人','七夕',20,'手捧花束',999,true),
(125,8,'南国相思',303,'33枝顶级红玫瑰，相思梅丰满围边。','黑色牛皮纸圆形包装，白色缎带束扎。','把无数的思念化做心中无限的祝福，默默的为你祈祷。','免费附送精美贺卡，代写您的祝福。(您下单时可填写留言栏)',
'本地区各市县、乡镇、街道（市区内免费配送','由于鲜花包扎各地的花艺师不同，可能在花束的形式和搭配上与图片不完全一致，但我们保证鲜花的主花材品种、新鲜程度、数量、颜色与说明一致，谢谢。','紫色','满天星','爱情鲜花',
'恋人','七夕',33,'手捧花束',999,true),
(126,8,'南国相思',355,'16枝顶级红玫瑰，相思梅丰满围边。','黑色牛皮纸圆形包装，白色缎带束扎。','把无数的思念化做心中无限的祝福，默默的为你祈祷。','免费附送精美贺卡，代写您的祝福。(您下单时可填写留言栏)',
'本地区各市县、乡镇、街道（市区内免费配送','由于鲜花包扎各地的花艺师不同，可能在花束的形式和搭配上与图片不完全一致，但我们保证鲜花的主花材品种、新鲜程度、数量、颜色与说明一致，谢谢。','紫色','满天星','爱情鲜花',
'恋人','七夕',16,'韩式鲜花',999,false),
(127,8,'南国相思',211,'33枝顶级红玫瑰，相思梅丰满围边。','黑色牛皮纸圆形包装，白色缎带束扎。','把无数的思念化做心中无限的祝福，默默的为你祈祷。','免费附送精美贺卡，代写您的祝福。(您下单时可填写留言栏)',
'本地区各市县、乡镇、街道（市区内免费配送','由于鲜花包扎各地的花艺师不同，可能在花束的形式和搭配上与图片不完全一致，但我们保证鲜花的主花材品种、新鲜程度、数量、颜色与说明一致，谢谢。','紫色','满天星','爱情鲜花',
'恋人','七夕',33,'手捧花束',999,false),
(128,8,'南国相思',200,'33枝顶级红玫瑰，相思梅丰满围边。','黑色牛皮纸圆形包装，白色缎带束扎。','把无数的思念化做心中无限的祝福，默默的为你祈祷。','免费附送精美贺卡，代写您的祝福。(您下单时可填写留言栏)',
'本地区各市县、乡镇、街道（市区内免费配送','由于鲜花包扎各地的花艺师不同，可能在花束的形式和搭配上与图片不完全一致，但我们保证鲜花的主花材品种、新鲜程度、数量、颜色与说明一致，谢谢。','白色','满天星','爱情鲜花',
'恋人','七夕',33,'韩式鲜花',999,true),
(129,8,'南国相思',303,'33枝顶级红玫瑰，相思梅丰满围边。','黑色牛皮纸圆形包装，白色缎带束扎。','把无数的思念化做心中无限的祝福，默默的为你祈祷。','免费附送精美贺卡，代写您的祝福。(您下单时可填写留言栏)',
'本地区各市县、乡镇、街道（市区内免费配送','由于鲜花包扎各地的花艺师不同，可能在花束的形式和搭配上与图片不完全一致，但我们保证鲜花的主花材品种、新鲜程度、数量、颜色与说明一致，谢谢。','白色','满天星','爱情鲜花',
'恋人','七夕',33,'韩式鲜花',999,false),
(130,9,'南国相思',678,'33枝顶级红玫瑰，相思梅丰满围边。','黑色牛皮纸圆形包装，白色缎带束扎。','把无数的思念化做心中无限的祝福，默默的为你祈祷。','免费附送精美贺卡，代写您的祝福。(您下单时可填写留言栏)',
'本地区各市县、乡镇、街道（市区内免费配送','由于鲜花包扎各地的花艺师不同，可能在花束的形式和搭配上与图片不完全一致，但我们保证鲜花的主花材品种、新鲜程度、数量、颜色与说明一致，谢谢。','','永生花','爱情鲜花',
'恋人','七夕',33,'韩式鲜花',999,false),
(131,9,'南国相思',465,'33枝顶级红玫瑰，相思梅丰满围边。','黑色牛皮纸圆形包装，白色缎带束扎。','把无数的思念化做心中无限的祝福，默默的为你祈祷。','免费附送精美贺卡，代写您的祝福。(您下单时可填写留言栏)',
'本地区各市县、乡镇、街道（市区内免费配送','由于鲜花包扎各地的花艺师不同，可能在花束的形式和搭配上与图片不完全一致，但我们保证鲜花的主花材品种、新鲜程度、数量、颜色与说明一致，谢谢。','','永生花','爱情鲜花',
'恋人','七夕',19,'韩式鲜花',999,true),
(132,9,'南国相思',352,'33枝顶级红玫瑰，相思梅丰满围边。','黑色牛皮纸圆形包装，白色缎带束扎。','把无数的思念化做心中无限的祝福，默默的为你祈祷。','免费附送精美贺卡，代写您的祝福。(您下单时可填写留言栏)',
'本地区各市县、乡镇、街道（市区内免费配送','由于鲜花包扎各地的花艺师不同，可能在花束的形式和搭配上与图片不完全一致，但我们保证鲜花的主花材品种、新鲜程度、数量、颜色与说明一致，谢谢。','','永生花','爱情鲜花',
'恋人','七夕',19,'手捧花束',999,false),
(133,9,'南国相思',366,'33枝顶级红玫瑰，相思梅丰满围边。','黑色牛皮纸圆形包装，白色缎带束扎。','把无数的思念化做心中无限的祝福，默默的为你祈祷。','免费附送精美贺卡，代写您的祝福。(您下单时可填写留言栏)',
'本地区各市县、乡镇、街道（市区内免费配送','由于鲜花包扎各地的花艺师不同，可能在花束的形式和搭配上与图片不完全一致，但我们保证鲜花的主花材品种、新鲜程度、数量、颜色与说明一致，谢谢。','','永生花','爱情鲜花',
'恋人','七夕',19,'手捧花束',999,true),
(134,9,'南国相思',303,'33枝顶级红玫瑰，相思梅丰满围边。','黑色牛皮纸圆形包装，白色缎带束扎。','把无数的思念化做心中无限的祝福，默默的为你祈祷。','免费附送精美贺卡，代写您的祝福。(您下单时可填写留言栏)',
'本地区各市县、乡镇、街道（市区内免费配送','由于鲜花包扎各地的花艺师不同，可能在花束的形式和搭配上与图片不完全一致，但我们保证鲜花的主花材品种、新鲜程度、数量、颜色与说明一致，谢谢。','','永生花','爱情鲜花',
'恋人','七夕',20,'手捧花束',999,true),
(135,9,'南国相思',466,'33枝顶级红玫瑰，相思梅丰满围边。','黑色牛皮纸圆形包装，白色缎带束扎。','把无数的思念化做心中无限的祝福，默默的为你祈祷。','免费附送精美贺卡，代写您的祝福。(您下单时可填写留言栏)',
'本地区各市县、乡镇、街道（市区内免费配送','由于鲜花包扎各地的花艺师不同，可能在花束的形式和搭配上与图片不完全一致，但我们保证鲜花的主花材品种、新鲜程度、数量、颜色与说明一致，谢谢。','','永生花','爱情鲜花',
'恋人','七夕',33,'手捧花束',999,true),
(136,10,'南国相思',433,'33枝顶级红玫瑰，相思梅丰满围边。','黑色牛皮纸圆形包装，白色缎带束扎。','把无数的思念化做心中无限的祝福，默默的为你祈祷。','免费附送精美贺卡，代写您的祝福。(您下单时可填写留言栏)',
'本地区各市县、乡镇、街道（市区内免费配送','由于鲜花包扎各地的花艺师不同，可能在花束的形式和搭配上与图片不完全一致，但我们保证鲜花的主花材品种、新鲜程度、数量、颜色与说明一致，谢谢。','','皂花','爱情鲜花',
'恋人','七夕',20,'手捧花束',999,false),
(137,10,'南国相思',322,'33枝顶级红玫瑰，相思梅丰满围边。','黑色牛皮纸圆形包装，白色缎带束扎。','把无数的思念化做心中无限的祝福，默默的为你祈祷。','免费附送精美贺卡，代写您的祝福。(您下单时可填写留言栏)',
'本地区各市县、乡镇、街道（市区内免费配送','由于鲜花包扎各地的花艺师不同，可能在花束的形式和搭配上与图片不完全一致，但我们保证鲜花的主花材品种、新鲜程度、数量、颜色与说明一致，谢谢。','','皂花','爱情鲜花',
'恋人','七夕',20,'手捧花束',999,false),
(138,10,'南国相思',654,'33枝顶级红玫瑰，相思梅丰满围边。','黑色牛皮纸圆形包装，白色缎带束扎。','把无数的思念化做心中无限的祝福，默默的为你祈祷。','免费附送精美贺卡，代写您的祝福。(您下单时可填写留言栏)',
'本地区各市县、乡镇、街道（市区内免费配送','由于鲜花包扎各地的花艺师不同，可能在花束的形式和搭配上与图片不完全一致，但我们保证鲜花的主花材品种、新鲜程度、数量、颜色与说明一致，谢谢。','','皂花','爱情鲜花',
'恋人','七夕',16,'手捧花束',999,false),
(139,10,'南国相思',675,'33枝顶级红玫瑰，相思梅丰满围边。','黑色牛皮纸圆形包装，白色缎带束扎。','把无数的思念化做心中无限的祝福，默默的为你祈祷。','免费附送精美贺卡，代写您的祝福。(您下单时可填写留言栏)',
'本地区各市县、乡镇、街道（市区内免费配送','由于鲜花包扎各地的花艺师不同，可能在花束的形式和搭配上与图片不完全一致，但我们保证鲜花的主花材品种、新鲜程度、数量、颜色与说明一致，谢谢。','','皂花','爱情鲜花',
'恋人','七夕',33,'手捧花束',999,true),
(140,10,'南国相思',303,'33枝顶级红玫瑰，相思梅丰满围边。','黑色牛皮纸圆形包装，白色缎带束扎。','把无数的思念化做心中无限的祝福，默默的为你祈祷。','免费附送精美贺卡，代写您的祝福。(您下单时可填写留言栏)',
'本地区各市县、乡镇、街道（市区内免费配送','由于鲜花包扎各地的花艺师不同，可能在花束的形式和搭配上与图片不完全一致，但我们保证鲜花的主花材品种、新鲜程度、数量、颜色与说明一致，谢谢。','','皂花','爱情鲜花',
'恋人','七夕',16,'手捧花束',999,true),
(141,11,'南国相思',266,'33枝顶级红玫瑰，相思梅丰满围边。','黑色牛皮纸圆形包装，白色缎带束扎。','把无数的思念化做心中无限的祝福，默默的为你祈祷。','免费附送精美贺卡，代写您的祝福。(您下单时可填写留言栏)',
'本地区各市县、乡镇、街道（市区内免费配送','由于鲜花包扎各地的花艺师不同，可能在花束的形式和搭配上与图片不完全一致，但我们保证鲜花的主花材品种、新鲜程度、数量、颜色与说明一致，谢谢。','','搭配','商务用花',
'领导','圣诞节',33,'开业鲜花',999,false),
(142,11,'南国相思',654,'33枝顶级红玫瑰，相思梅丰满围边。','黑色牛皮纸圆形包装，白色缎带束扎。','把无数的思念化做心中无限的祝福，默默的为你祈祷。','免费附送精美贺卡，代写您的祝福。(您下单时可填写留言栏)',
'本地区各市县、乡镇、街道（市区内免费配送','由于鲜花包扎各地的花艺师不同，可能在花束的形式和搭配上与图片不完全一致，但我们保证鲜花的主花材品种、新鲜程度、数量、颜色与说明一致，谢谢。','','搭配','商务用花',
'领导','圣诞节',17,'开业鲜花',999,false),
(143,11,'南国相思',679,'33枝顶级红玫瑰，相思梅丰满围边。','黑色牛皮纸圆形包装，白色缎带束扎。','把无数的思念化做心中无限的祝福，默默的为你祈祷。','免费附送精美贺卡，代写您的祝福。(您下单时可填写留言栏)',
'本地区各市县、乡镇、街道（市区内免费配送','由于鲜花包扎各地的花艺师不同，可能在花束的形式和搭配上与图片不完全一致，但我们保证鲜花的主花材品种、新鲜程度、数量、颜色与说明一致，谢谢。','','搭配','商务用花',
'领导','圣诞节',18,'开业鲜花',999,true),
(144,11,'南国相思',698,'33枝顶级红玫瑰，相思梅丰满围边。','黑色牛皮纸圆形包装，白色缎带束扎。','把无数的思念化做心中无限的祝福，默默的为你祈祷。','免费附送精美贺卡，代写您的祝福。(您下单时可填写留言栏)',
'本地区各市县、乡镇、街道（市区内免费配送','由于鲜花包扎各地的花艺师不同，可能在花束的形式和搭配上与图片不完全一致，但我们保证鲜花的主花材品种、新鲜程度、数量、颜色与说明一致，谢谢。','','搭配','商务用花',
'领导','圣诞节',17,'开业鲜花',999,false),
(145,11,'南国相思',303,'33枝顶级红玫瑰，相思梅丰满围边。','黑色牛皮纸圆形包装，白色缎带束扎。','把无数的思念化做心中无限的祝福，默默的为你祈祷。','免费附送精美贺卡，代写您的祝福。(您下单时可填写留言栏)',
'本地区各市县、乡镇、街道（市区内免费配送','由于鲜花包扎各地的花艺师不同，可能在花束的形式和搭配上与图片不完全一致，但我们保证鲜花的主花材品种、新鲜程度、数量、颜色与说明一致，谢谢。','','搭配','商务用花',
'领导','圣诞节',18,'开业鲜花',999,true),
(146,11,'南国相思',567,'33枝顶级红玫瑰，相思梅丰满围边。','黑色牛皮纸圆形包装，白色缎带束扎。','把无数的思念化做心中无限的祝福，默默的为你祈祷。','免费附送精美贺卡，代写您的祝福。(您下单时可填写留言栏)',
'本地区各市县、乡镇、街道（市区内免费配送','由于鲜花包扎各地的花艺师不同，可能在花束的形式和搭配上与图片不完全一致，但我们保证鲜花的主花材品种、新鲜程度、数量、颜色与说明一致，谢谢。','','搭配','商务用花',
'领导','圣诞节',18,'开业鲜花',999,false),
(147,11,'南国相思',987,'33枝顶级红玫瑰，相思梅丰满围边。','黑色牛皮纸圆形包装，白色缎带束扎。','把无数的思念化做心中无限的祝福，默默的为你祈祷。','免费附送精美贺卡，代写您的祝福。(您下单时可填写留言栏)',
'本地区各市县、乡镇、街道（市区内免费配送','由于鲜花包扎各地的花艺师不同，可能在花束的形式和搭配上与图片不完全一致，但我们保证鲜花的主花材品种、新鲜程度、数量、颜色与说明一致，谢谢。','','搭配','商务用花',
'客户','感恩节',18,'开业鲜花',999,true),
(148,11,'南国相思',351,'33枝顶级红玫瑰，相思梅丰满围边。','黑色牛皮纸圆形包装，白色缎带束扎。','把无数的思念化做心中无限的祝福，默默的为你祈祷。','免费附送精美贺卡，代写您的祝福。(您下单时可填写留言栏)',
'本地区各市县、乡镇、街道（市区内免费配送','由于鲜花包扎各地的花艺师不同，可能在花束的形式和搭配上与图片不完全一致，但我们保证鲜花的主花材品种、新鲜程度、数量、颜色与说明一致，谢谢。','','搭配','商务用花',
'客户','感恩节',33,'开业鲜花',999,false),
(149,11,'南国相思',436,'33枝顶级红玫瑰，相思梅丰满围边。','黑色牛皮纸圆形包装，白色缎带束扎。','把无数的思念化做心中无限的祝福，默默的为你祈祷。','免费附送精美贺卡，代写您的祝福。(您下单时可填写留言栏)',
'本地区各市县、乡镇、街道（市区内免费配送','由于鲜花包扎各地的花艺师不同，可能在花束的形式和搭配上与图片不完全一致，但我们保证鲜花的主花材品种、新鲜程度、数量、颜色与说明一致，谢谢。','','搭配','商务用花',
'客户','感恩节',18,'开业鲜花',999,true),
(150,11,'南国相思',199,'33枝顶级红玫瑰，相思梅丰满围边。','黑色牛皮纸圆形包装，白色缎带束扎。','把无数的思念化做心中无限的祝福，默默的为你祈祷。','免费附送精美贺卡，代写您的祝福。(您下单时可填写留言栏)',
'本地区各市县、乡镇、街道（市区内免费配送','由于鲜花包扎各地的花艺师不同，可能在花束的形式和搭配上与图片不完全一致，但我们保证鲜花的主花材品种、新鲜程度、数量、颜色与说明一致，谢谢。','','搭配','商务用花',
'客户','感恩节',33,'开业鲜花',999,true),
(151,11,'南国相思',299,'33枝顶级红玫瑰，相思梅丰满围边。','黑色牛皮纸圆形包装，白色缎带束扎。','把无数的思念化做心中无限的祝福，默默的为你祈祷。','免费附送精美贺卡，代写您的祝福。(您下单时可填写留言栏)',
'本地区各市县、乡镇、街道（市区内免费配送','由于鲜花包扎各地的花艺师不同，可能在花束的形式和搭配上与图片不完全一致，但我们保证鲜花的主花材品种、新鲜程度、数量、颜色与说明一致，谢谢。','','搭配','商务用花',
'客户','感恩节',18,'开业鲜花',999,false),
(152,11,'南国相思',399,'33枝顶级红玫瑰，相思梅丰满围边。','黑色牛皮纸圆形包装，白色缎带束扎。','把无数的思念化做心中无限的祝福，默默的为你祈祷。','免费附送精美贺卡，代写您的祝福。(您下单时可填写留言栏)',
'本地区各市县、乡镇、街道（市区内免费配送','由于鲜花包扎各地的花艺师不同，可能在花束的形式和搭配上与图片不完全一致，但我们保证鲜花的主花材品种、新鲜程度、数量、颜色与说明一致，谢谢。','','搭配','爱情鲜花',
'恋人','七夕',18,'手捧花束',999,false),
(153,11,'南国相思',499,'33枝顶级红玫瑰，相思梅丰满围边。','黑色牛皮纸圆形包装，白色缎带束扎。','把无数的思念化做心中无限的祝福，默默的为你祈祷。','免费附送精美贺卡，代写您的祝福。(您下单时可填写留言栏)',
'本地区各市县、乡镇、街道（市区内免费配送','由于鲜花包扎各地的花艺师不同，可能在花束的形式和搭配上与图片不完全一致，但我们保证鲜花的主花材品种、新鲜程度、数量、颜色与说明一致，谢谢。','','搭配','爱情鲜花',
'恋人','七夕',19,'手捧花束',999,true),
(154,11,'南国相思',303,'33枝顶级红玫瑰，相思梅丰满围边。','黑色牛皮纸圆形包装，白色缎带束扎。','把无数的思念化做心中无限的祝福，默默的为你祈祷。','免费附送精美贺卡，代写您的祝福。(您下单时可填写留言栏)',
'本地区各市县、乡镇、街道（市区内免费配送','由于鲜花包扎各地的花艺师不同，可能在花束的形式和搭配上与图片不完全一致，但我们保证鲜花的主花材品种、新鲜程度、数量、颜色与说明一致，谢谢。','','搭配','爱情鲜花',
'恋人','七夕',19,'手捧花束',999,false);

/*鲜花图片*/
CREATE TABLE flowers_pic(
  pid INT PRIMARY KEY AUTO_INCREMENT,
  lid INT,                    #花种编号
  sm VARCHAR(128),            #小图片路径
  md VARCHAR(128),            #中图片路径
  lg VARCHAR(128)             #大图片路径
);

INSERT INTO flowers_pic VALUES
(NULL,1,'img/product/sm/rose/mix/1/1520251416(1).png','img/product/md/rose/mix/1/1520251416(1).png','img/product/lg/rose/mix/1/1520251416(1).png'),
(NULL,1,'img/product/sm/rose/mix/1/1520251435(1).png','img/product/md/rose/mix/1/1520251435(1).png','img/product/lg/rose/mix/1/1520251435(1).png'),
(NULL,1,'img/product/sm/rose/mix/1/1520251446(1).png','img/product/md/rose/mix/1/1520251446(1).png','img/product/lg/rose/mix/1/1520251446(1).png'),
(NULL,1,'img/product/sm/rose/mix/1/1520251458(1).png','img/product/md/rose/mix/1/1520251458(1).png','img/product/lg/rose/mix/1/1520251458(1).png'),

(NULL,2,'img/product/sm/rose/mix/2/1520251687(1).png','img/product/md/rose/mix/2/1520251687(1).png','img/product/lg/rose/mix/2/1520251687(1).png'),
(NULL,2,'img/product/sm/rose/mix/2/1520251710(1).png','img/product/md/rose/mix/2/1520251710(1).png','img/product/lg/rose/mix/2/1520251710(1).png'),
(NULL,2,'img/product/sm/rose/mix/2/1520251722(1).png','img/product/md/rose/mix/2/1520251722(1).png','img/product/lg/rose/mix/2/1520251722(1).png'),
(NULL,2,'img/product/sm/rose/mix/2/1520251734(1).png','img/product/md/rose/mix/2/1520251734(1).png','img/product/lg/rose/mix/2/1520251734(1).png'),

(NULL,3,'img/product/sm/rose/mix/3/1520252141(1).png','img/product/md/rose/mix/3/1520252141(1).png','img/product/lg/rose/mix/3/1520252141(1).png'),
(NULL,3,'img/product/sm/rose/mix/3/1520252168(1).png','img/product/md/rose/mix/3/1520252168(1).png','img/product/lg/rose/mix/3/1520252168(1).png'),
(NULL,3,'img/product/sm/rose/mix/3/1520252184(1).png','img/product/md/rose/mix/3/1520252184(1).png','img/product/lg/rose/mix/3/1520252184(1).png'),
(NULL,3,'img/product/sm/rose/mix/3/1520252197(1).png','img/product/md/rose/mix/3/1520252197(1).png','img/product/lg/rose/mix/3/1520252197(1).png'),

(NULL,4,'img/product/sm/rose/mix/4/1520252616(1).png','img/product/md/rose/mix/4/1520252616(1).png','img/product/lg/rose/mix/4/1520252616(1).png'),
(NULL,4,'img/product/sm/rose/mix/4/1520252631(1).png','img/product/md/rose/mix/4/1520252631(1).png','img/product/lg/rose/mix/4/1520252631(1).png'),
(NULL,4,'img/product/sm/rose/mix/4/1520252649(1).png','img/product/md/rose/mix/4/1520252649(1).png','img/product/lg/rose/mix/4/1520252649(1).png'),
(NULL,4,'img/product/sm/rose/mix/4/1520252659(1).png','img/product/md/rose/mix/4/1520252659(1).png','img/product/lg/rose/mix/4/1520252659(1).png'),

(NULL,5,'img/product/sm/rose/mix/5/1520252796(1).png','img/product/md/rose/mix/5/1520252780(1).png','img/product/lg/rose/mix/5/1520252780(1).png'),
(NULL,5,'img/product/sm/rose/mix/5/1520252796(1).png','img/product/md/rose/mix/5/1520252796(1).png','img/product/lg/rose/mix/5/1520252796(1).png'),
(NULL,5,'img/product/sm/rose/mix/5/1520252807(1).png','img/product/md/rose/mix/5/1520252807(1).png','img/product/lg/rose/mix/5/1520252807(1).png'),
(NULL,5,'img/product/sm/rose/mix/5/1520252818(1).png','img/product/md/rose/mix/5/1520252818(1).png','img/product/lg/rose/mix/5/1520252818(1).png'),

(NULL,6,'img/product/sm/rose/mix/6/1520257306(1).png','img/product/md/rose/mix/6/1520257306(1).png','img/product/lg/rose/mix/6/1520257306(1).png'),
(NULL,6,'img/product/sm/rose/mix/6/1520252818(1).png','img/product/md/rose/mix/6/1520257322(1).png','img/product/lg/rose/mix/6/1520257322(1).png'),
(NULL,6,'img/product/sm/rose/mix/6/1520252818(1).png','img/product/md/rose/mix/6/1520257334(1).png','img/product/lg/rose/mix/6/1520257334(1).png'),
(NULL,6,'img/product/sm/rose/mix/6/1520257347(1).png','img/product/md/rose/mix/6/1520257347(1).png','img/product/lg/rose/mix/6/1520257347(1).png'),

(NULL,7,'img/product/sm/rose/mix/7/1520260038(1).png','img/product/md/rose/mix/7/1520260038(1).png','img/product/lg/rose/mix/7/1520260038(1).png'),
(NULL,7,'img/product/sm/rose/mix/7/1520260064(1).png','img/product/md/rose/mix/7/1520260064(1).png','img/product/lg/rose/mix/7/1520260064(1).png'),
(NULL,7,'img/product/sm/rose/mix/7/1520260077(1).png','img/product/md/rose/mix/7/1520260077(1).png','img/product/lg/rose/mix/7/1520260077(1).png'),
(NULL,7,'img/product/sm/rose/mix/7/1520260087(1).png','img/product/md/rose/mix/7/1520260087(1).png','img/product/lg/rose/mix/7/1520260087(1).png'),

(NULL,8,'img/product/sm/rose/mix/8/1520260282(1).png','img/product/md/rose/mix/8/1520260282(1).png','img/product/lg/rose/mix/8/1520260282(1).png'),
(NULL,8,'img/product/sm/rose/mix/8/1520260301(1).png','img/product/md/rose/mix/8/1520260301(1).png','img/product/lg/rose/mix/8/1520260301(1).png'),
(NULL,8,'img/product/sm/rose/mix/8/1520260313(1).png','img/product/md/rose/mix/8/1520260313(1).png','img/product/lg/rose/mix/8/1520260313(1).png'),
(NULL,8,'img/product/sm/rose/mix/8/1520260326(1).png','img/product/md/rose/mix/8/1520260326(1).png','img/product/lg/rose/mix/8/1520260326(1).png'),

(NULL,9,'img/product/sm/rose/mix/9/1520260354(1).png','img/product/md/rose/mix/9/1520260354(1).png','img/product/lg/rose/mix/9/1520260354(1).png'),
(NULL,9,'img/product/sm/rose/mix/9/1520260372(1).png','img/product/md/rose/mix/9/1520260372(1).png','img/product/lg/rose/mix/9/1520260372(1).png'),
(NULL,9,'img/product/sm/rose/mix/9/1520260385(1).png','img/product/md/rose/mix/9/1520260385(1).png','img/product/lg/rose/mix/9/1520260385(1).png'),
(NULL,9,'img/product/sm/rose/mix/9/1520260399(1).png','img/product/md/rose/mix/9/1520260399(1).png','img/product/lg/rose/mix/9/1520260399(1).png'),

(NULL,10,'img/product/sm/rose/mix/10/1520260426(1).png','img/product/md/rose/mix/10/1520260426(1).png','img/product/lg/rose/mix/10/1520260426(1).png'),
(NULL,10,'img/product/sm/rose/mix/10/1520260441(1).png','img/product/md/rose/mix/10/1520260441(1).png','img/product/lg/rose/mix/10/1520260441(1).png'),
(NULL,10,'img/product/sm/rose/mix/10/1520260452(1).png','img/product/md/rose/mix/10/1520260452(1).png','img/product/lg/rose/mix/10/1520260452(1).png'),
(NULL,10,'img/product/sm/rose/mix/10/1520260464(1).png','img/product/md/rose/mix/10/1520260464(1).png','img/product/lg/rose/mix/10/1520260464(1).png'),

(NULL,11,'img/product/sm/rose/mix/11/1520260653(1).png','img/product/md/rose/mix/11/1520260653(1).png','img/product/lg/rose/mix/11/1520260653(1).png'),
(NULL,11,'img/product/sm/rose/mix/11/1520260672(1).png','img/product/md/rose/mix/11/1520260672(1).png','img/product/lg/rose/mix/11/1520260672(1).png'),
(NULL,11,'img/product/sm/rose/mix/11/1520260682(1).png','img/product/md/rose/mix/11/1520260682(1).png','img/product/lg/rose/mix/11/1520260682(1).png'),
(NULL,11,'img/product/sm/rose/mix/11/1520260693(1).png','img/product/md/rose/mix/11/1520260693(1).png','img/product/lg/rose/mix/11/1520260693(1).png'),

(NULL,12,'img/product/sm/rose/mix/12/1520260716(1).png','img/product/md/rose/mix/12/1520260716(1).png','img/product/lg/rose/mix/12/1520260716(1).png'),
(NULL,12,'img/product/sm/rose/mix/12/1520260730(1).png','img/product/md/rose/mix/12/1520260730(1).png','img/product/lg/rose/mix/12/1520260730(1).png'),
(NULL,12,'img/product/sm/rose/mix/12/1520260752(1).png','img/product/md/rose/mix/12/1520260752(1).png','img/product/lg/rose/mix/12/1520260752(1).png'),
(NULL,12,'img/product/sm/rose/mix/12/1520260763(1).png','img/product/md/rose/mix/12/1520260763(1).png','img/product/lg/rose/mix/12/1520260763(1).png'),

(NULL,13,'img/product/sm/rose/pink/1/1520250913(1).png','img/product/md/rose/pink/1/1520250913(1).png','img/product/lg/rose/pink/1/1520250913(1).png'),
(NULL,13,'img/product/sm/rose/pink/1/1520250944(1).png','img/product/md/rose/pink/1/1520250944(1).png','img/product/lg/rose/pink/1/1520250944(1).png'),
(NULL,13,'img/product/sm/rose/pink/1/1520250962(1).png','img/product/md/rose/pink/1/1520250962(1).png','img/product/lg/rose/pink/1/1520250962(1).png'),
(NULL,13,'img/product/sm/rose/pink/1/1520250982(1).png','img/product/md/rose/pink/1/1520250982(1).png','img/product/lg/rose/pink/1/1520250982(1).png'),

(NULL,14,'img/product/sm/rose/pink/2/1520251920(1).png','img/product/md/rose/pink/2/1520251920(1).png','img/product/lg/rose/pink/2/1520251920(1).png'),
(NULL,14,'img/product/sm/rose/pink/2/1520251947(1).png','img/product/md/rose/pink/2/1520251947(1).png','img/product/lg/rose/pink/2/1520251947(1).png'),
(NULL,14,'img/product/sm/rose/pink/2/1520251962(1).png','img/product/md/rose/pink/2/1520251962(1).png','img/product/lg/rose/pink/2/1520251962(1).png'),
(NULL,14,'img/product/sm/rose/pink/2/1520251972(1).png','img/product/md/rose/pink/2/1520251972(1).png','img/product/lg/rose/pink/2/1520251972(1).png'),

(NULL,15,'img/product/sm/rose/pink/3/1520252018(1).png','img/product/md/rose/pink/3/1520252018(1).png','img/product/lg/rose/pink/3/1520252018(1).png'),
(NULL,15,'img/product/sm/rose/pink/3/1520252038(1).png','img/product/md/rose/pink/3/1520252038(1).png','img/product/lg/rose/pink/3/1520252038(1).png'),
(NULL,15,'img/product/sm/rose/pink/3/1520252050(1).png','img/product/md/rose/pink/3/1520252050(1).png','img/product/lg/rose/pink/3/1520252050(1).png'),
(NULL,15,'img/product/sm/rose/pink/3/1520252066(1).png','img/product/md/rose/pink/3/1520252066(1).png','img/product/lg/rose/pink/3/1520252066(1).png'),

(NULL,16,'img/product/sm/rose/pink/4/1520252292(1).png','img/product/md/rose/pink/4/1520252292(1).png','img/product/lg/rose/pink/4/1520252292(1).png'),
(NULL,16,'img/product/sm/rose/pink/4/1520252303(1).png','img/product/md/rose/pink/4/1520252303(1).png','img/product/lg/rose/pink/4/1520252303(1).png'),
(NULL,16,'img/product/sm/rose/pink/4/1520252329(1).png','img/product/md/rose/pink/4/1520252329(1).png','img/product/lg/rose/pink/4/1520252329(1).png'),
(NULL,16,'img/product/sm/rose/pink/4/1520252340(1).png','img/product/md/rose/pink/4/1520252340(1).png','img/product/lg/rose/pink/4/1520252340(1).png'),

(NULL,17,'img/product/sm/rose/pink/5/1520252843(1).png','img/product/md/rose/pink/5/1520252843(1).png','img/product/lg/rose/pink/5/1520252843(1).png'),
(NULL,17,'img/product/sm/rose/pink/5/1520252874(1).png','img/product/md/rose/pink/5/1520252874(1).png','img/product/lg/rose/pink/5/1520252874(1).png'),
(NULL,17,'img/product/sm/rose/pink/5/1520252887(1).png','img/product/md/rose/pink/5/1520252887(1).png','img/product/lg/rose/pink/5/1520252887(1).png'),
(NULL,17,'img/product/sm/rose/pink/5/1520252907(1).png','img/product/md/rose/pink/5/1520252907(1).png','img/product/lg/rose/pink/5/1520252907(1).png'),

(NULL,18,'img/product/sm/rose/pink/6/1520253167(1).png','img/product/md/rose/pink/6/1520253167(1).png','img/product/lg/rose/pink/6/1520253167(1).png'),
(NULL,18,'img/product/sm/rose/pink/6/1520253195(1).png','img/product/md/rose/pink/6/1520253195(1).png','img/product/lg/rose/pink/6/1520253195(1).png'),
(NULL,18,'img/product/sm/rose/pink/6/1520253226(1).png','img/product/md/rose/pink/6/1520253226(1).png','img/product/lg/rose/pink/6/1520253226(1).png'),
(NULL,18,'img/product/sm/rose/pink/6/1520253256(1).png','img/product/md/rose/pink/6/1520253256(1).png','img/product/lg/rose/pink/6/1520253256(1).png'),

(NULL,19,'img/product/sm/rose/pink/7/1520253385(1).png','img/product/md/rose/pink/7/1520253385(1).png','img/product/lg/rose/pink/7/1520253385(1).png'),
(NULL,19,'img/product/sm/rose/pink/7/1520253403(1).png','img/product/md/rose/pink/7/1520253403(1).png','img/product/lg/rose/pink/7/1520253403(1).png'),
(NULL,19,'img/product/sm/rose/pink/7/1520253414(1).png','img/product/md/rose/pink/7/1520253414(1).png','img/product/lg/rose/pink/7/1520253414(1).png'),
(NULL,19,'img/product/sm/rose/pink/7/1520253436(1).png','img/product/md/rose/pink/7/1520253436(1).png','img/product/lg/rose/pink/7/1520253436(1).png'),

(NULL,20,'img/product/sm/rose/pink/8/1520255491(1).png','img/product/md/rose/pink/8/1520255491(1).png','img/product/lg/rose/pink/8/1520255491(1).png'),
(NULL,20,'img/product/sm/rose/pink/8/1520255510.png','img/product/md/rose/pink/8/1520255510.png','img/product/lg/rose/pink/8/1520255510.png'),
(NULL,20,'img/product/sm/rose/pink/8/1520255525(1).png','img/product/md/rose/pink/8/1520255525(1).png','img/product/lg/rose/pink/8/1520255525(1).png'),
(NULL,20,'img/product/sm/rose/pink/8/1520255540(1).png','img/product/md/rose/pink/8/1520255540(1).png','img/product/lg/rose/pink/8/1520255540(1).png'),

(NULL,21,'img/product/sm/rose/pink/9/1520255653(1).png','img/product/md/rose/pink/9/1520255653(1).png','img/product/lg/rose/pink/9/1520255653(1).png'),
(NULL,21,'img/product/sm/rose/pink/9/1520255663(1).png','img/product/md/rose/pink/9/1520255663(1).png','img/product/lg/rose/pink/9/1520255663(1).png'),
(NULL,21,'img/product/sm/rose/pink/9/1520255685(1).png','img/product/md/rose/pink/9/1520255685(1).png','img/product/lg/rose/pink/9/1520255685(1).png'),
(NULL,21,'img/product/sm/rose/pink/9/1520255699(1).png','img/product/md/rose/pink/9/1520255699(1).png','img/product/lg/rose/pink/9/1520255699(1).png'),

(NULL,22,'img/product/sm/rose/pink/10/1520260120(1).png','img/product/md/rose/pink/10/1520260120(1).png','img/product/lg/rose/pink/10/1520260120(1).png'),
(NULL,22,'img/product/sm/rose/pink/10/1520260138(1).png','img/product/md/rose/pink/10/1520260138(1).png','img/product/lg/rose/pink/10/1520260138(1).png'),
(NULL,22,'img/product/sm/rose/pink/10/1520260157(1).png','img/product/md/rose/pink/10/1520260157(1).png','img/product/lg/rose/pink/10/1520260157(1).png'),
(NULL,22,'img/product/sm/rose/pink/10/1520260167(1).png','img/product/md/rose/pink/10/1520260167(1).png','img/product/lg/rose/pink/10/1520260167(1).png'),

(NULL,23,'img/product/sm/rose/pink/11/1520260196(1).png','img/product/md/rose/pink/11/1520260196(1).png','img/product/lg/rose/pink/11/1520260196(1).png'),
(NULL,23,'img/product/sm/rose/pink/11/1520260219(1).png','img/product/md/rose/pink/11/1520260219(1).png','img/product/lg/rose/pink/11/1520260219(1).png'),
(NULL,23,'img/product/sm/rose/pink/11/1520260239(1).png','img/product/md/rose/pink/11/1520260239(1).png','img/product/lg/rose/pink/11/1520260239(1).png'),
(NULL,23,'img/product/sm/rose/pink/11/1520260250(1).png','img/product/md/rose/pink/11/1520260250(1).png','img/product/lg/rose/pink/11/1520260250(1).png'),

(NULL,24,'img/product/sm/rose/purple/1/1520251013(1).png','img/product/md/rose/purple/1/1520251013(1).png','img/product/lg/rose/purple/1/1520251013(1).png'),
(NULL,24,'img/product/sm/rose/purple/1/1520251026(1).png','img/product/md/rose/purple/1/1520251026(1).png','img/product/lg/rose/purple/1/1520251026(1).png'),
(NULL,24,'img/product/sm/rose/purple/1/1520251049(1).png','img/product/md/rose/purple/1/1520251049(1).png','img/product/lg/rose/purple/1/1520251049(1).png'),
(NULL,24,'img/product/sm/rose/purple/1/1520251061(1).png','img/product/md/rose/purple/1/1520251061(1).png','img/product/lg/rose/purple/1/1520251061(1).png'),

(NULL,25,'img/product/sm/rose/purple/2/1520252692(1).png','img/product/md/rose/purple/2/1520252692(1).png','img/product/lg/rose/purple/2/1520252692(1).png'),
(NULL,25,'img/product/sm/rose/purple/2/1520252717(1).png','img/product/md/rose/purple/2/1520252717(1).png','img/product/lg/rose/purple/2/1520252717(1).png'),
(NULL,25,'img/product/sm/rose/purple/2/1520252738(1).png','img/product/md/rose/purple/2/1520252738(1).png','img/product/lg/rose/purple/2/1520252738(1).png'),
(NULL,25,'img/product/sm/rose/purple/2/1520252748(1).png','img/product/md/rose/purple/2/1520252748(1).png','img/product/lg/rose/purple/2/1520252748(1).png'),

(NULL,26,'img/product/sm/rose/purple/3/1520255568(1).png','img/product/md/rose/purple/3/1520255568(1).png','img/product/lg/rose/purple/3/1520255568(1).png'),
(NULL,26,'img/product/sm/rose/purple/3/1520255598(1).png','img/product/md/rose/purple/3/1520255598(1).png','img/product/lg/rose/purple/3/1520255598(1).png'),
(NULL,26,'img/product/sm/rose/purple/3/1520255611(1).png','img/product/md/rose/purple/3/1520255611(1).png','img/product/lg/rose/purple/3/1520255611(1).png'),
(NULL,26,'img/product/sm/rose/purple/3/1520255624(1).png','img/product/md/rose/purple/3/1520255624(1).png','img/product/lg/rose/purple/3/1520255624(1).png'),

(NULL,27,'img/product/sm/rose/purple/4/1520260801(1).png','img/product/md/rose/purple/4/1520260801(1).png','img/product/lg/rose/purple/4/1520260801(1).png'),
(NULL,27,'img/product/sm/rose/purple/4/1520260822(1).png','img/product/md/rose/purple/4/1520260822(1).png','img/product/lg/rose/purple/4/1520260822(1).png'),
(NULL,27,'img/product/sm/rose/purple/4/1520260834(1).png','img/product/md/rose/purple/4/1520260834(1).png','img/product/lg/rose/purple/4/1520260834(1).png'),
(NULL,27,'img/product/sm/rose/purple/4/1520260858(1).png','img/product/md/rose/purple/4/1520260858(1).png','img/product/lg/rose/purple/4/1520260858(1).png'),

(NULL,28,'img/product/sm/rose/purple/5/1520260885(1).png','img/product/md/rose/purple/5/1520260885(1).png','img/product/lg/rose/purple/5/1520260885(1).png'),
(NULL,28,'img/product/sm/rose/purple/5/1520260903(1).png','img/product/md/rose/purple/5/1520260903(1).png','img/product/lg/rose/purple/5/1520260903(1).png'),
(NULL,28,'img/product/sm/rose/purple/5/1520260913(1).png','img/product/md/rose/purple/5/1520260913(1).png','img/product/lg/rose/purple/5/1520260913(1).png'),
(NULL,28,'img/product/sm/rose/purple/5/1520260927(1).png','img/product/md/rose/purple/5/1520260927(1).png','img/product/lg/rose/purple/5/1520260250(1).png'),

(NULL,29,'img/product/sm/rose/purple/6/1520260958(1).png','img/product/md/rose/purple/6/1520260958(1).png','img/product/lg/rose/purple/6/1520260958(1).png'),
(NULL,29,'img/product/sm/rose/purple/6/1520260982(1).png','img/product/md/rose/purple/6/1520260982(1).png','img/product/lg/rose/purple/6/1520260982(1).png'),
(NULL,29,'img/product/sm/rose/purple/6/1520260992(1).png','img/product/md/rose/purple/6/1520260992(1).png','img/product/lg/rose/purple/6/1520260992(1).png'),
(NULL,29,'img/product/sm/rose/purple/6/1520261002(1).png','img/product/md/rose/purple/6/1520261002(1).png','img/product/lg/rose/purple/6/1520261002(1).png'),

(NULL,30,'img/product/sm/rose/purple/7/1520261031(1).png','img/product/md/rose/purple/7/1520261031(1).png','img/product/lg/rose/purple/7/1520261031(1).png'),
(NULL,30,'img/product/sm/rose/purple/7/1520261048.png','img/product/md/rose/purple/7/1520261048.png','img/product/lg/rose/purple/7/1520261048.png'),
(NULL,30,'img/product/sm/rose/purple/7/1520261058(1).png','img/product/md/rose/purple/7/1520261058(1).png','img/product/lg/rose/purple/7/1520261058(1).png'),
(NULL,30,'img/product/sm/rose/purple/7/1520261084(1).png','img/product/md/rose/purple/7/1520261084(1).png','img/product/lg/rose/purple/7/1520261084(1).png'),

(NULL,31,'img/product/sm/rose/purple/8/1520261158(1).png','img/product/md/rose/purple/8/1520261158(1).png','img/product/lg/rose/purple/8/1520261158(1).png'),
(NULL,31,'img/product/sm/rose/purple/8/1520261187(1).png','img/product/md/rose/purple/8/1520261187(1).png','img/product/lg/rose/purple/8/1520261187(1).png'),
(NULL,31,'img/product/sm/rose/purple/8/1520261202(1).png','img/product/md/rose/purple/8/1520261202(1).png','img/product/lg/rose/purple/8/1520261202(1).png'), 
(NULL,31,'img/product/sm/rose/purple/8/1520261611(1).png','img/product/md/rose/purple/8/1520261611(1).png','img/product/lg/rose/purple/8/1520261611(1).png'),

(NULL,32,'img/product/sm/rose/red/1/1520250784(1).png','img/product/md/rose/red/1/1520250784(1).png','img/product/lg/rose/red/1/1520250784(1).png'),
(NULL,32,'img/product/sm/rose/red/1/1520250820(1).png','img/product/md/rose/red/1/1520250820(1).png','img/product/lg/rose/red/1/1520250820(1).png'),
(NULL,32,'img/product/sm/rose/red/1/1520250854(1).png','img/product/md/rose/red/1/1520250854(1).png','img/product/lg/rose/red/1/1520250854(1).png'), 
(NULL,32,'img/product/sm/rose/red/1/1520250879(1).png','img/product/md/rose/red/1/1520250879(1).png','img/product/lg/rose/red/1/1520250879(1).png'),

(NULL,33,'img/product/sm/rose/red/2/1520251263(1).png','img/product/md/rose/red/2/1520251263(1).png','img/product/lg/rose/red/2/1520251263(1).png'),
(NULL,33,'img/product/sm/rose/red/2/1520251276(1).png','img/product/md/rose/red/2/1520251276(1).png','img/product/lg/rose/red/2/1520251276(1).png'),
(NULL,33,'img/product/sm/rose/red/2/1520251289(1).png','img/product/md/rose/red/2/1520251289(1).png','img/product/lg/rose/red/2/1520251289(1).png'), 
(NULL,33,'img/product/sm/rose/red/2/1520251301(1).png','img/product/md/rose/red/2/1520251301(1).png','img/product/lg/rose/red/2/1520251301(1).png'),

(NULL,34,'img/product/sm/rose/red/3/1520251338(1).png','img/product/md/rose/red/3/1520251338(1).png','img/product/lg/rose/red/3/1520251338(1).png'),
(NULL,34,'img/product/sm/rose/red/3/1520251352(1).png','img/product/md/rose/red/3/1520251352(1).png','img/product/lg/rose/red/3/1520251352(1).png'),
(NULL,34,'img/product/sm/rose/red/3/1520251365(1).png','img/product/md/rose/red/3/1520251365(1).png','img/product/lg/rose/red/3/1520251365(1).png'), 
(NULL,34,'img/product/sm/rose/red/3/1520251380(1).png','img/product/md/rose/red/3/1520251380(1).png','img/product/lg/rose/red/3/1520251380(1).png'),

(NULL,35,'img/product/sm/rose/red/4/1520251492(1).png','img/product/md/rose/red/4/1520251492(1).png','img/product/lg/rose/red/4/1520251492(1).png'),
(NULL,35,'img/product/sm/rose/red/4/1520251509(1).png','img/product/md/rose/red/4/1520251509(1).png','img/product/lg/rose/red/4/1520251509(1).png'),
(NULL,35,'img/product/sm/rose/red/4/1520251528(1).png','img/product/md/rose/red/4/1520251528(1).png','img/product/lg/rose/red/4/1520251528(1).png'), 
(NULL,35,'img/product/sm/rose/red/4/1520251542(1).png','img/product/md/rose/red/4/1520251542(1).png','img/product/lg/rose/red/4/1520251542(1).png'),

(NULL,36,'img/product/sm/rose/red/5/1520251761(1).png','img/product/md/rose/red/5/1520251761(1).png','img/product/lg/rose/red/5/1520251761(1).png'),
(NULL,36,'img/product/sm/rose/red/5/1520251784(1).png','img/product/md/rose/red/5/1520251784(1).png','img/product/lg/rose/red/5/1520251784(1).png'),
(NULL,36,'img/product/sm/rose/red/5/1520251797.png','img/product/md/rose/red/5/1520251797.png','img/product/lg/rose/red/5/1520251797.png'), 
(NULL,36,'img/product/sm/rose/red/5/1520251813(1).png','img/product/md/rose/red/5/1520251813(1).png','img/product/lg/rose/red/5/1520251813(1).png'),

(NULL,37,'img/product/sm/rose/red/6/1520251835(1).png','img/product/md/rose/red/6/1520251835(1).png','img/product/lg/rose/red/6/1520251835(1).png'),
(NULL,37,'img/product/sm/rose/red/6/1520251858(1).png','img/product/md/rose/red/6/1520251858(1).png','img/product/lg/rose/red/6/1520251858(1).png'),
(NULL,37,'img/product/sm/rose/red/6/1520251870(1).png','img/product/md/rose/red/6/1520251870(1).png','img/product/lg/rose/red/6/1520251870(1).png'), 
(NULL,37,'img/product/sm/rose/red/6/1520251889(1).png','img/product/md/rose/red/6/1520251889(1).png','img/product/lg/rose/red/6/1520251889(1).png'),

(NULL,38,'img/product/sm/rose/red/7/1520252384(1).png','img/product/md/rose/red/7/1520252384(1).png','img/product/lg/rose/red/7/1520252384(1).png'),
(NULL,38,'img/product/sm/rose/red/7/1520252399(1).png','img/product/md/rose/red/7/1520252399(1).png','img/product/lg/rose/red/7/1520252399(1).png'),
(NULL,38,'img/product/sm/rose/red/7/1520252412(1).png','img/product/md/rose/red/7/1520252412(1).png','img/product/lg/rose/red/7/1520252412(1).png'), 
(NULL,38,'img/product/sm/rose/red/7/1520252426(1).png','img/product/md/rose/red/7/1520252426(1).png','img/product/lg/rose/red/7/1520252426(1).png'),

(NULL,39,'img/product/sm/rose/red/8/1520252450(1).png','img/product/md/rose/red/8/1520252450(1).png','img/product/lg/rose/red/8/1520252450(1).png'),
(NULL,39,'img/product/sm/rose/red/8/1520252462(1).png','img/product/md/rose/red/8/1520252462(1).png','img/product/lg/rose/red/8/1520252462(1).png'),
(NULL,39,'img/product/sm/rose/red/8/1520252477(1).png','img/product/md/rose/red/8/1520252477(1).png','img/product/lg/rose/red/8/1520252477(1).png'), 
(NULL,39,'img/product/sm/rose/red/8/1520252497(1).png','img/product/md/rose/red/8/1520252497(1).png','img/product/lg/rose/red/8/1520252497(1).png'),

(NULL,40,'img/product/sm/rose/red/9/1520253015(1).png','img/product/md/rose/red/9/1520253015(1).png','img/product/lg/rose/red/9/1520253015(1).png'),
(NULL,40,'img/product/sm/rose/red/9/1520253030(1).png','img/product/md/rose/red/9/1520253030(1).png','img/product/lg/rose/red/9/1520253030(1).png'),
(NULL,40,'img/product/sm/rose/red/9/1520253044(1).png','img/product/md/rose/red/9/1520253044(1).png','img/product/lg/rose/red/9/1520253044(1).png'), 
(NULL,40,'img/product/sm/rose/red/9/1520253057(1).png','img/product/md/rose/red/9/1520253057(1).png','img/product/lg/rose/red/9/1520253057(1).png'),

(NULL,41,'img/product/sm/rose/red/10/1520253509(1).png','img/product/md/rose/red/10/1520253509(1).png','img/product/lg/rose/red/10/1520253509(1).png'),
(NULL,41,'img/product/sm/rose/red/10/1520253525(1).png','img/product/md/rose/red/10/1520253525(1).png','img/product/lg/rose/red/10/1520253525(1).png'),
(NULL,41,'img/product/sm/rose/red/10/1520253536(1).png','img/product/md/rose/red/10/1520253536(1).png','img/product/lg/rose/red/10/1520253536(1).png'), 
(NULL,41,'img/product/sm/rose/red/10/1520253557(1).png','img/product/md/rose/red/10/1520253557(1).png','img/product/lg/rose/red/10/1520253557(1).png'),

(NULL,42,'img/product/sm/rose/red/11/1520256875(1).png','img/product/md/rose/red/11/1520256875(1).png','img/product/lg/rose/red/11/1520256875(1).png'),
(NULL,42,'img/product/sm/rose/red/11/1520256889(1).png','img/product/md/rose/red/11/1520256889(1).png','img/product/lg/rose/red/11/1520256889(1).png'),
(NULL,42,'img/product/sm/rose/red/11/1520256935(1).png','img/product/md/rose/red/11/1520256935(1).png','img/product/lg/rose/red/11/1520256935(1).png'), 
(NULL,42,'img/product/sm/rose/red/11/1520256948(1).png','img/product/md/rose/red/11/1520256948(1).png','img/product/lg/rose/red/11/1520256948(1).png'),

(NULL,43,'img/product/sm/rose/red/12/1520256969(1).png','img/product/md/rose/red/12/1520256969(1).png','img/product/lg/rose/red/12/1520256969(1).png'),
(NULL,43,'img/product/sm/rose/red/12/1520256992(1).png','img/product/md/rose/red/12/1520256992(1).png','img/product/lg/rose/red/12/1520256992(1).png'),
(NULL,43,'img/product/sm/rose/red/12/1520257008(1).png','img/product/md/rose/red/12/1520257008(1).png','img/product/lg/rose/red/12/1520257008(1).png'), 
(NULL,43,'img/product/sm/rose/red/12/1520257020(1).png','img/product/md/rose/red/12/1520257020(1).png','img/product/lg/rose/red/12/1520257020(1).png'),

(NULL,44,'img/product/sm/rose/white/1/1520251163(1).png','img/product/md/rose/white/1/1520251163(1).png','img/product/lg/rose/white/1/1520251163(1).png'),
(NULL,44,'img/product/sm/rose/white/1/1520251179(1).png','img/product/md/rose/white/1/1520251179(1).png','img/product/lg/rose/white/1/1520251179(1).png'),
(NULL,44,'img/product/sm/rose/white/1/1520251194(1).png','img/product/md/rose/white/1/1520251194(1).png','img/product/lg/rose/white/1/1520251194(1).png'), 
(NULL,44,'img/product/sm/rose/white/1/1520251207(1).png','img/product/md/rose/white/1/1520251207(1).png','img/product/lg/rose/white/1/1520251207(1).png'),

(NULL,45,'img/product/sm/rose/white/2/1520252224(1).png','img/product/md/rose/white/2/1520252224(1).png','img/product/lg/rose/white/2/1520252224(1).png'),
(NULL,45,'img/product/sm/rose/white/2/1520252239(1).png','img/product/md/rose/white/2/1520252239(1).png','img/product/lg/rose/white/2/1520252239(1).png'),
(NULL,45,'img/product/sm/rose/white/2/1520252250(1).png','img/product/md/rose/white/2/1520252250(1).png','img/product/lg/rose/white/2/1520252250(1).png'), 
(NULL,45,'img/product/sm/rose/white/2/1520252263(1).png','img/product/md/rose/white/2/1520252263(1).png','img/product/lg/rose/white/2/1520252263(1).png'),

(NULL,46,'img/product/sm/rose/white/3/1520255741(1).png','img/product/md/rose/white/3/1520255741(1).png','img/product/lg/rose/white/3/1520255741(1).png'),
(NULL,46,'img/product/sm/rose/white/3/1520255778(1).png','img/product/md/rose/white/3/1520255778(1).png','img/product/lg/rose/white/3/1520255778(1).png'),
(NULL,46,'img/product/sm/rose/white/3/1520256291(1).png','img/product/md/rose/white/3/1520256291(1).png','img/product/lg/rose/white/3/1520256291(1).png'), 
(NULL,46,'img/product/sm/rose/white/3/1520256303(1).png','img/product/md/rose/white/3/1520256303(1).png','img/product/lg/rose/white/3/1520256303(1).png'),

(NULL,47,'img/product/sm/rose/white/4/1520260490(1).png','img/product/md/rose/white/4/1520260490(1).png','img/product/lg/rose/white/4/1520260490(1).png'),
(NULL,47,'img/product/sm/rose/white/4/1520260513(1).png','img/product/md/rose/white/4/1520260513(1).png','img/product/lg/rose/white/4/1520260513(1).png'),
(NULL,47,'img/product/sm/rose/white/4/1520260535(1).png','img/product/md/rose/white/4/1520260535(1).png','img/product/lg/rose/white/4/1520260535(1).png'), 
(NULL,47,'img/product/sm/rose/white/4/1520260546(1).png','img/product/md/rose/white/4/1520260546(1).png','img/product/lg/rose/white/4/1520260546(1).png'),

(NULL,48,'img/product/sm/rose/white/5/1520260586(1).png','img/product/md/rose/white/5/1520260586(1).png','img/product/lg/rose/white/5/1520260586(1).png'),
(NULL,48,'img/product/sm/rose/white/5/1520260604(1).png','img/product/md/rose/white/5/1520260604(1).png','img/product/lg/rose/white/5/1520260604(1).png'),
(NULL,48,'img/product/sm/rose/white/5/1520260615(1).png','img/product/md/rose/white/5/1520260615(1).png','img/product/lg/rose/white/5/1520260615(1).png'), 
(NULL,48,'img/product/sm/rose/white/5/1520260623(1).png','img/product/md/rose/white/5/1520260623(1).png','img/product/lg/rose/white/5/1520260623(1).png'),

(NULL,49,'img/product/sm/rose/yellow/1/1520251085(1).png','img/product/md/rose/yellow/1/1520251085(1).png','img/product/lg/rose/yellow/1/1520251085(1).png'),
(NULL,49,'img/product/sm/rose/yellow/1/1520251099(1).png','img/product/md/rose/yellow/1/1520251099(1).png','img/product/lg/rose/yellow/1/1520251099(1).png'),
(NULL,49,'img/product/sm/rose/yellow/1/1520251114.png','img/product/md/rose/yellow/1/1520251114.png','img/product/lg/rose/yellow/1/1520251114.png'), 
(NULL,49,'img/product/sm/rose/yellow/1/1520251141(1).png','img/product/md/rose/yellow/1/1520251141(1).png','img/product/lg/rose/yellow/1/1520251141(1).png'),

(NULL,50,'img/product/sm/rose/yellow/2/1520251141(1).png','img/product/md/rose/yellow/2/1520251584(1).png','img/product/lg/rose/yellow/2/1520251584(1).png'),
(NULL,50,'img/product/sm/rose/yellow/2/1520251597(1).png','img/product/md/rose/yellow/2/1520251597(1).png','img/product/lg/rose/yellow/2/1520251597(1).png'),
(NULL,50,'img/product/sm/rose/yellow/2/1520251610(1).png','img/product/md/rose/yellow/2/1520251610(1).png','img/product/lg/rose/yellow/2/1520251610(1).png'), 
(NULL,50,'img/product/sm/rose/yellow/2/1520251630(1).png','img/product/md/rose/yellow/2/1520251630(1).png','img/product/lg/rose/yellow/2/1520251630(1).png'),

(NULL,51,'img/product/sm/rose/yellow/3/1520252932(1).png','img/product/md/rose/yellow/3/1520252932(1).png','img/product/lg/rose/yellow/3/1520252932(1).png'),
(NULL,51,'img/product/sm/rose/yellow/3/1520252945(1).png','img/product/md/rose/yellow/3/1520252945(1).png','img/product/lg/rose/yellow/3/1520252945(1).png'),
(NULL,51,'img/product/sm/rose/yellow/3/1520252956(1).png','img/product/md/rose/yellow/3/1520252956(1).png','img/product/lg/rose/yellow/3/1520252956(1).png'), 
(NULL,51,'img/product/sm/rose/yellow/3/1520252975(1).png','img/product/md/rose/yellow/3/1520252975(1).png','img/product/lg/rose/yellow/3/1520252975(1).png'),

(NULL,52,'img/product/sm/rose/yellow/4/1520256746(1).png','img/product/md/rose/yellow/4/1520256746(1).png','img/product/lg/rose/yellow/4/1520256746(1).png'),
(NULL,52,'img/product/sm/rose/yellow/4/1520256776(1).png','img/product/md/rose/yellow/4/1520256776(1).png','img/product/lg/rose/yellow/4/1520256776(1).png'),
(NULL,52,'img/product/sm/rose/yellow/4/1520256821(1).png','img/product/md/rose/yellow/4/1520256821(1).png','img/product/lg/rose/yellow/4/1520256821(1).png'), 
(NULL,52,'img/product/sm/rose/yellow/4/1520256834(1).png','img/product/md/rose/yellow/4/1520256834(1).png','img/product/lg/rose/yellow/4/1520256834(1).png'),

(NULL,53,'img/product/sm/rose/yellow/5/1520257233(1).png','img/product/md/rose/yellow/5/1520257233(1).png','img/product/lg/rose/yellow/5/1520257233(1).png'),
(NULL,53,'img/product/sm/rose/yellow/5/1520257246(1).png','img/product/md/rose/yellow/5/1520257246(1).png','img/product/lg/rose/yellow/5/1520257246(1).png'),
(NULL,53,'img/product/sm/rose/yellow/5/1520257260(1).png','img/product/md/rose/yellow/5/1520257260(1).png','img/product/lg/rose/yellow/5/1520257260(1).png'), 
(NULL,53,'img/product/sm/rose/yellow/5/1520257272(1).png','img/product/md/rose/yellow/5/1520257272(1).png','img/product/lg/rose/yellow/5/1520257272(1).png'),

(NULL,54,'img/product/sm/rose/yellow/6/1520259958(1).png','img/product/md/rose/yellow/6/1520259958(1).png','img/product/lg/rose/yellow/6/1520259958(1).png'),
(NULL,54,'img/product/sm/rose/yellow/6/1520259974(1).png','img/product/md/rose/yellow/6/1520259974(1).png','img/product/lg/rose/yellow/6/1520259974(1).png'),
(NULL,54,'img/product/sm/rose/yellow/6/1520259990(1).png','img/product/md/rose/yellow/6/1520259990(1).png','img/product/lg/rose/yellow/6/1520259990(1).png'), 
(NULL,54,'img/product/sm/rose/yellow/6/1520260003(1).png','img/product/md/rose/yellow/6/1520260003(1).png','img/product/lg/rose/yellow/6/1520260003(1).png'),

(NULL,55,'img/product/sm/rose/yellow/7/1520261667(1).png','img/product/md/rose/yellow/7/1520261667(1).png','img/product/lg/rose/yellow/7/1520261667(1).png'),
(NULL,55,'img/product/sm/rose/yellow/7/1520261693.png','img/product/md/yellow/rose/7/1520261693.png','img/product/lg/rose/yellow/7/1520261693.png'),
(NULL,55,'img/product/sm/rose/yellow/7/1520261704(1).png','img/product/md/rose/yellow/7/1520261704(1).png','img/product/lg/rose/yellow/7/1520261704(1).png'), 
(NULL,55,'img/product/sm/rose/yellow/7/1520261737(1).png','img/product/md/rose/yellow/7/1520261737(1).png','img/product/lg/rose/yellow/7/1520261737(1).png'),

(NULL,56,'img/product/sm/rose/yellow/8/1520261781(1).png','img/product/md/rose/yellow/8/1520261781(1).png','img/product/lg/rose/yellow/8/1520261737(1).png'),
(NULL,56,'img/product/sm/rose/yellow/8/1520261795(1).png','img/product/md/rose/yellow/8/1520261795(1).png','img/product/lg/rose/yellow/8/1520261795(1).png'),
(NULL,56,'img/product/sm/rose/yellow/8/1520261811(1).png','img/product/md/rose/yellow/8/1520261811(1).png','img/product/lg/rose/yellow/8/1520261811(1).png'), 
(NULL,56,'img/product/sm/rose/yellow/8/1520261826(1).png','img/product/md/rose/yellow/8/1520261826(1).png','img/product/lg/rose/yellow/8/1520261826(1).png'),




(NULL,57,'img/product/sm/rose/blue/1/1520337173(1).png','img/product/md/rose/blue/1/1520337173(1).png','img/product/lg/rose/blue/1/1520337173(1).png'),
(NULL,57,'img/product/sm/rose/blue/1/1520337188(1).png','img/product/md/rose/blue/1/1520337188(1).png','img/product/lg/rose/blue/1/1520337188(1).png'),
(NULL,57,'img/product/sm/rose/blue/1/1520337199(1).png','img/product/md/rose/blue/1/1520337199(1).png','img/product/lg/rose/blue/1/1520337199(1).png'), 
(NULL,57,'img/product/sm/rose/blue/1/1520337210(1).png','img/product/md/rose/blue/1/1520337210(1).png','img/product/lg/rose/blue/1/1520337210(1).png'),

(NULL,58,'img/product/sm/rose/blue/1/1520337173(1).png','img/product/md/rose/blue/1/1520337173(1).png','img/product/lg/rose/blue/1/1520337173(1).png'),
(NULL,58,'img/product/sm/rose/blue/1/1520337188(1).png','img/product/md/rose/blue/1/1520337188(1).png','img/product/lg/rose/blue/1/1520337188(1).png'),
(NULL,58,'img/product/sm/rose/blue/1/1520337199(1).png','img/product/md/rose/blue/1/1520337199(1).png','img/product/lg/rose/blue/1/1520337199(1).png'), 
(NULL,58,'img/product/sm/rose/blue/1/1520337210(1).png','img/product/md/rose/blue/1/1520337210(1).png','img/product/lg/rose/blue/1/1520337210(1).png'),

(NULL,59,'img/product/sm/rose/blue/1/1520337173(1).png','img/product/md/rose/blue/1/1520337173(1).png','img/product/lg/rose/blue/1/1520337173(1).png'),
(NULL,59,'img/product/sm/rose/blue/1/1520337188(1).png','img/product/md/rose/blue/1/1520337188(1).png','img/product/lg/rose/blue/1/1520337188(1).png'),
(NULL,59,'img/product/sm/rose/blue/1/1520337199(1).png','img/product/md/rose/blue/1/1520337199(1).png','img/product/lg/rose/blue/1/1520337199(1).png'), 
(NULL,59,'img/product/sm/rose/blue/1/1520337210(1).png','img/product/md/rose/blue/1/1520337210(1).png','img/product/lg/rose/blue/1/1520337210(1).png'),

(NULL,60,'img/product/sm/rose/blue/1/1520337173(1).png','img/product/md/rose/blue/1/1520337173(1).png','img/product/lg/rose/blue/1/1520337173(1).png'),
(NULL,60,'img/product/sm/rose/blue/1/1520337188(1).png','img/product/md/rose/blue/1/1520337188(1).png','img/product/lg/rose/blue/1/1520337188(1).png'),
(NULL,60,'img/product/sm/rose/blue/1/1520337199(1).png','img/product/md/rose/blue/1/1520337199(1).png','img/product/lg/rose/blue/1/1520337199(1).png'), 
(NULL,60,'img/product/sm/rose/blue/1/1520337210(1).png','img/product/md/rose/blue/1/1520337210(1).png','img/product/lg/rose/blue/1/1520337210(1).png'),

(NULL,61,'img/product/sm/rose/blue/1/1520337173(1).png','img/product/md/rose/blue/1/1520337173(1).png','img/product/lg/rose/blue/1/1520337173(1).png'),
(NULL,61,'img/product/sm/rose/blue/1/1520337188(1).png','img/product/md/rose/blue/1/1520337188(1).png','img/product/lg/rose/blue/1/1520337188(1).png'),
(NULL,61,'img/product/sm/rose/blue/1/1520337199(1).png','img/product/md/rose/blue/1/1520337199(1).png','img/product/lg/rose/blue/1/1520337199(1).png'), 
(NULL,61,'img/product/sm/rose/blue/1/1520337210(1).png','img/product/md/rose/blue/1/1520337210(1).png','img/product/lg/rose/blue/1/1520337210(1).png'),

(NULL,62,'img/product/sm/rose/blue/1/1520337173(1).png','img/product/md/rose/blue/1/1520337173(1).png','img/product/lg/rose/blue/1/1520337173(1).png'),
(NULL,62,'img/product/sm/rose/blue/1/1520337188(1).png','img/product/md/rose/blue/1/1520337188(1).png','img/product/lg/rose/blue/1/1520337188(1).png'),
(NULL,62,'img/product/sm/rose/blue/1/1520337199(1).png','img/product/md/rose/blue/1/1520337199(1).png','img/product/lg/rose/blue/1/1520337199(1).png'), 
(NULL,62,'img/product/sm/rose/blue/1/1520337210(1).png','img/product/md/rose/blue/1/1520337210(1).png','img/product/lg/rose/blue/1/1520337210(1).png'),


(NULL,63,'img/product/sm/lily/pink/1/1520335505(1).png','img/product/md/lily/pink/1/1520335492(1).png','img/product/lg/lily/pink/1/1520335492(1).png'),
(NULL,63,'img/product/sm/lily/pink/1/1520335522(1).png','img/product/md/lily/pink/1/1520335505(1).png','img/product/lg/lily/pink/1/1520335505(1).png'),
(NULL,63,'img/product/sm/lily/pink/1/1520335540(1).png','img/product/md/lily/pink/1/1520335522(1).png','img/product/lg/lily/pink/1/1520335522(1).png'), 
(NULL,63,'img/product/sm/lily/pink/1/1520335492(1).png','img/product/md/lily/pink/1/1520335540(1).png','img/product/lg/lily/pink/1/1520335540(1).png'),

(NULL,64,'img/product/sm/lily/pink/2/1520335556(1).png','img/product/md/lily/pink/2/1520335556(1).png','img/product/lg/lily/pink/2/1520335556(1).png'),
(NULL,64,'img/product/sm/lily/pink/2/1520335567(1).png','img/product/md/lily/pink/2/1520335567(1).png','img/product/lg/lily/pink/2/1520335567(1).png'),
(NULL,64,'img/product/sm/lily/pink/2/1520335577(1).png','img/product/md/lily/pink/2/1520335577(1).png','img/product/lg/lily/pink/2/1520335577(1).png'), 
(NULL,64,'img/product/sm/lily/pink/2/1520335587(1).png','img/product/md/lily/pink/2/1520335587(1).png','img/product/lg/lily/pink/2/1520335587(1).png'),

(NULL,65,'img/product/sm/lily/pink/3/1520335606(1).png','img/product/md/lily/pink/3/1520335606(1).png','img/product/lg/lily/pink/3/1520335606(1).png'),
(NULL,65,'img/product/sm/lily/pink/3/1520335621(1).png','img/product/md/lily/pink/3/1520335621(1).png','img/product/lg/lily/pink/3/1520335621(1).png'),
(NULL,65,'img/product/sm/lily/pink/3/1520335632(1).png','img/product/md/lily/pink/3/1520335632(1).png','img/product/lg/lily/pink/3/1520335632(1).png'), 
(NULL,65,'img/product/sm/lily/pink/3/1520335644(1).png','img/product/md/lily/pink/3/1520335644(1).png','img/product/lg/lily/pink/3/1520335644(1).png'),

(NULL,66,'img/product/sm/lily/pink/4/1520335667(1).png','img/product/md/lily/pink/4/1520335667(1).png','img/product/lg/lily/pink/4/1520335667(1).png'),
(NULL,66,'img/product/sm/lily/pink/4/1520335683(1).png','img/product/md/lily/pink/4/1520335683(1).png','img/product/lg/lily/pink/4/1520335683(1).png'),
(NULL,66,'img/product/sm/lily/pink/4/1520335692(1).png','img/product/md/lily/pink/4/1520335692(1).png','img/product/lg/lily/pink/4/1520335692(1).png'), 
(NULL,66,'img/product/sm/lily/pink/4/1520335703(1).png','img/product/md/lily/pink/4/1520335703(1).png','img/product/lg/lily/pink/4/1520335703(1).png'),

(NULL,67,'img/product/sm/lily/pink/5/1520335720(1).png','img/product/md/lily/pink/5/1520335720(1).png','img/product/lg/lily/pink/5/1520335720(1).png'),
(NULL,67,'img/product/sm/lily/pink/5/1520335734(1).png','img/product/md/lily/pink/5/1520335734(1).png','img/product/lg/lily/pink/5/1520335734(1).png'),
(NULL,67,'img/product/sm/lily/pink/5/1520335743(1).png','img/product/md/lily/pink/5/1520335743(1).png','img/product/lg/lily/pink/5/1520335743(1).png'), 
(NULL,67,'img/product/sm/lily/pink/5/1520335753(1).png','img/product/md/lily/pink/5/1520335753(1).png','img/product/lg/lily/pink/5/1520335753(1).png'),

(NULL,68,'img/product/sm/lily/pink/6/1520336132(1).png','img/product/md/lily/pink/6/1520336132(1).png','img/product/lg/lily/pink/6/1520336132(1).png'),
(NULL,68,'img/product/sm/lily/pink/6/1520336154(1).png','img/product/md/lily/pink/6/1520336154(1).png','img/product/lg/lily/pink/6/1520336154(1).png'),
(NULL,68,'img/product/sm/lily/pink/6/1520336165(1).png','img/product/md/lily/pink/6/1520336165(1).png','img/product/lg/lily/pink/6/1520336165(1).png'), 
(NULL,68,'img/product/sm/lily/pink/6/1520336174(1).png','img/product/md/lily/pink/6/1520336174(1).png','img/product/lg/lily/pink/6/1520336174(1).png'),

(NULL,69,'img/product/sm/lily/pink/7/1520336190(1).png','img/product/md/lily/pink/7/1520336190(1).png','img/product/lg/lily/pink/7/1520336190(1).png'),
(NULL,69,'img/product/sm/lily/pink/7/1520336213(1).png','img/product/md/lily/pink/7/1520336213(1).png','img/product/lg/lily/pink/7/1520336190(1).png'),
(NULL,69,'img/product/sm/lily/pink/7/1520336228(1).png','img/product/md/lily/pink/7/1520336228(1).png','img/product/lg/lily/pink/7/1520336228(1).png'), 
(NULL,69,'img/product/sm/lily/pink/7/1520336243(1).png','img/product/md/lily/pink/7/1520336243(1).png','img/product/lg/lily/pink/7/1520336243(1).png'),

(NULL,70,'img/product/sm/lily/pink/8/1520336370(1).png','img/product/md/lily/pink/8/1520336370(1).png','img/product/lg/lily/pink/8/1520336370(1).png'),
(NULL,70,'img/product/sm/lily/pink/8/1520336409(1).png','img/product/md/lily/pink/8/1520336409(1).png','img/product/lg/lily/pink/8/1520336409(1).png'),
(NULL,70,'img/product/sm/lily/pink/8/1520336422(1).png','img/product/md/lily/pink/8/1520336422(1).png','img/product/lg/lily/pink/8/1520336422(1).png'), 
(NULL,70,'img/product/sm/lily/pink/8/1520336435(1).png','img/product/md/lily/pink/8/1520336435(1).png','img/product/lg/lily/pink/8/1520336435(1).png'),

(NULL,71,'img/product/sm/lily/pink/9/1520336463(1).png','img/product/md/lily/pink/9/1520336463(1).png','img/product/lg/lily/pink/9/1520336463(1).png'),
(NULL,71,'img/product/sm/lily/pink/9/1520336484(1).png','img/product/md/lily/pink/9/1520336484(1).png','img/product/lg/lily/pink/9/1520336484(1).png'),
(NULL,71,'img/product/sm/lily/pink/9/1520336496(1).png','img/product/md/lily/pink/9/1520336496(1).png','img/product/lg/lily/pink/9/1520336496(1).png'), 
(NULL,71,'img/product/sm/lily/pink/9/1520336506(1).png','img/product/md/lily/pink/9/1520336506(1).png','img/product/lg/lily/pink/9/1520336506(1).png'),

(NULL,72,'img/product/sm/lily/pink/10/1520336521(1).png','img/product/md/lily/pink/10/1520336521(1).png','img/product/lg/lily/pink/10/1520336521(1).png'),
(NULL,72,'img/product/sm/lily/pink/10/1520336548(1).png','img/product/md/lily/pink/10/1520336548(1).png','img/product/lg/lily/pink/10/1520336548(1).png'),
(NULL,72,'img/product/sm/lily/pink/10/1520336559(1).png','img/product/md/lily/pink/10/1520336559(1).png','img/product/lg/lily/pink/10/1520336559(1).png'), 
(NULL,72,'img/product/sm/lily/pink/10/1520336572(1).png','img/product/md/lily/pink/10/1520336572(1).png','img/product/lg/lily/pink/10/1520336572(1).png'),

(NULL,73,'img/product/sm/lily/pink/11/1520335492(1).png','img/product/md/lily/pink/11/1520335492(1).png','img/product/lg/lily/pink/11/1520335492(1).png'),
(NULL,73,'img/product/sm/lily/pink/11/1520335505(1).png','img/product/md/lily/pink/11/1520335505(1).png','img/product/lg/lily/pink/11/1520335505(1).png'),
(NULL,73,'img/product/sm/lily/pink/11/1520335522(1).png','img/product/md/lily/pink/11/1520335522(1).png','img/product/lg/lily/pink/11/1520335522(1).png'), 
(NULL,73,'img/product/sm/lily/pink/11/1520335540(1).png','img/product/md/lily/pink/11/1520335540(1).png','img/product/lg/lily/pink/11/1520335540(1).png'),

(NULL,74,'img/product/sm/lily/pink/12/1520335556(1).png','img/product/md/lily/pink/12/1520335556(1).png','img/product/lg/lily/pink/12/1520335556(1).png'),
(NULL,74,'img/product/sm/lily/pink/12/1520335567(1).png','img/product/md/lily/pink/12/1520335567(1).png','img/product/lg/lily/pink/12/1520335567(1).png'),
(NULL,74,'img/product/sm/lily/pink/12/1520335577(1).png','img/product/md/lily/pink/12/1520335577(1).png','img/product/lg/lily/pink/12/1520335577(1).png'), 
(NULL,74,'img/product/sm/lily/pink/12/1520335587(1).png','img/product/md/lily/pink/12/1520335587(1).png','img/product/lg/lily/pink/12/1520335587(1).png'),

(NULL,75,'img/product/sm/lily/pink/13/1520335606(1).png','img/product/md/lily/pink/13/1520335606(1).png','img/product/lg/lily/pink/13/1520335606(1).png'),
(NULL,75,'img/product/sm/lily/pink/13/1520335621(1).png','img/product/md/lily/pink/13/1520335621(1).png','img/product/lg/lily/pink/13/1520335621(1).png'),
(NULL,75,'img/product/sm/lily/pink/13/1520335632(1).png','img/product/md/lily/pink/13/1520335632(1).png','img/product/lg/lily/pink/13/1520335632(1).png'), 
(NULL,75,'img/product/sm/lily/pink/13/1520335644(1).png','img/product/md/lily/pink/13/1520335644(1).png','img/product/lg/lily/pink/13/1520335644(1).png'),

(NULL,76,'img/product/sm/lily/pink/14/1520335667(1).png','img/product/md/lily/pink/14/1520335667(1).png','img/product/lg/lily/pink/14/1520335667(1).png'),
(NULL,76,'img/product/sm/lily/pink/14/1520335683(1).png','img/product/md/lily/pink/14/1520335683(1).png','img/product/lg/lily/pink/14/1520335683(1).png'),
(NULL,76,'img/product/sm/lily/pink/14/1520335692(1).png','img/product/md/lily/pink/14/1520335692(1).png','img/product/lg/lily/pink/14/1520335692(1).png'), 
(NULL,76,'img/product/sm/lily/pink/14/1520335703(1).png','img/product/md/lily/pink/14/1520335703(1).png','img/product/lg/lily/pink/14/1520335703(1).png'),

(NULL,77,'img/product/sm/lily/pink/15/1520335720(1).png','img/product/md/lily/pink/15/1520335720(1).png','img/product/lg/lily/pink/15/1520335720(1).png'),
(NULL,77,'img/product/sm/lily/pink/15/1520335734(1).png','img/product/md/lily/pink/15/1520335734(1).png','img/product/lg/lily/pink/15/1520335734(1).png'),
(NULL,77,'img/product/sm/lily/pink/15/1520335743(1).png','img/product/md/lily/pink/15/1520335743(1).png','img/product/lg/lily/pink/15/1520335743(1).png'), 
(NULL,77,'img/product/sm/lily/pink/15/1520335753(1).png','img/product/md/lily/pink/15/1520335753(1).png','img/product/lg/lily/pink/15/1520335753(1).png'),

(NULL,78,'img/product/sm/lily/white/1/1520336652(1).png','img/product/md/lily/white/1/1520336652(1).png','img/product/lg/lily/white/1/1520336652(1).png'),
(NULL,78,'img/product/sm/lily/white/1/1520336667(1).png','img/product/md/lily/white/1/1520336667(1).png','img/product/lg/lily/white/1/1520336667(1).png'),
(NULL,78,'img/product/sm/lily/white/1/1520336683(1).png','img/product/md/lily/white/1/1520336683(1).png','img/product/lg/lily/white/1/1520336683(1).png'), 
(NULL,78,'img/product/sm/lily/white/1/1520336702(1).png','img/product/md/lily/white/1/1520336702(1).png','img/product/lg/lily/white/1/1520336702(1).png'),

(NULL,79,'img/product/sm/lily/white/2/1520336716(1).png','img/product/md/lily/white/2/1520336716(1).png','img/product/lg/lily/white/2/1520336716(1).png'),
(NULL,79,'img/product/sm/lily/white/2/1520336738(1).png','img/product/md/lily/white/2/1520336738(1).png','img/product/lg/lily/white/2/1520336738(1).png'),
(NULL,79,'img/product/sm/lily/white/2/1520336751(1).png','img/product/md/lily/white/2/1520336751(1).png','img/product/lg/lily/white/2/1520336751(1).png'), 
(NULL,79,'img/product/sm/lily/white/2/1520336762(1).png','img/product/md/lily/white/2/1520336762(1).png','img/product/lg/lily/white/2/1520336762(1).png'),

(NULL,80,'img/product/sm/lily/white/3/1520336783(1).png','img/product/md/lily/white/3/1520336783(1).png','img/product/lg/lily/white/3/1520336783(1).png'),
(NULL,80,'img/product/sm/lily/white/3/1520336803(1).png','img/product/md/lily/white/3/1520336803(1).png','img/product/lg/lily/white/3/1520336803(1).png'),
(NULL,80,'img/product/sm/lily/white/3/1520336820(1).png','img/product/md/lily/white/3/1520336820(1).png','img/product/lg/lily/white/3/1520336820(1).png'), 
(NULL,80,'img/product/sm/lily/white/3/1520336838(1).png','img/product/md/lily/white/3/1520336838(1).png','img/product/lg/lily/white/3/1520336838(1).png'),

(NULL,81,'img/product/sm/lily/white/4/1520336863(1).png','img/product/md/lily/white/4/1520336863(1).png','img/product/lg/lily/white/4/1520336863(1).png'),
(NULL,81,'img/product/sm/lily/white/4/1520336888(1).png','img/product/md/lily/white/4/1520336888(1).png','img/product/lg/lily/white/4/1520336888(1).png'),
(NULL,81,'img/product/sm/lily/white/4/1520336899(1).png','img/product/md/lily/white/4/1520336899(1).png','img/product/lg/lily/white/4/1520336899(1).png'), 
(NULL,81,'img/product/sm/lily/white/4/1520336917(1).png','img/product/md/lily/white/4/1520336917(1).png','img/product/lg/lily/white/4/1520336917(1).png'),

(NULL,82,'img/product/sm/lily/white/5/1520336956(1).png','img/product/md/lily/white/5/1520336956(1).png','img/product/lg/lily/white/5/1520336956(1).png'),
(NULL,82,'img/product/sm/lily/white/5/1520336971(1).png','img/product/md/lily/white/5/1520336971(1).png','img/product/lg/lily/white/5/1520336971(1).png'),
(NULL,82,'img/product/sm/lily/white/5/1520336982(1).png','img/product/md/lily/white/5/1520336982(1).png','img/product/lg/lily/white/5/1520336982(1).png'), 
(NULL,82,'img/product/sm/lily/white/5/1520336994(1).png','img/product/md/lily/white/5/1520336994(1).png','img/product/lg/lily/white/5/1520336994(1).png'),

(NULL,83,'img/product/sm/lily/white/6/1520337020(1).png','img/product/md/lily/white/6/1520337020(1).png','img/product/lg/lily/white/6/1520337020(1).png'),
(NULL,83,'img/product/sm/lily/white/6/1520337031(1).png','img/product/md/lily/white/6/1520337031(1).png','img/product/lg/lily/white/6/1520337031(1).png'),
(NULL,83,'img/product/sm/lily/white/6/1520337042(1).png','img/product/md/lily/white/6/1520337042(1).png','img/product/lg/lily/white/6/1520337042(1).png'), 
(NULL,83,'img/product/sm/lily/white/6/1520337062(1).png','img/product/md/lily/white/6/1520337062(1).png','img/product/lg/lily/white/6/1520337062(1).png'),

(NULL,84,'img/product/sm/lily/white/7/1520336652(1).png','img/product/md/lily/white/7/1520336652(1).png','img/product/lg/lily/white/7/1520336652(1).png'),
(NULL,84,'img/product/sm/lily/white/7/1520336667(1).png','img/product/md/lily/white/7/1520336667(1).png','img/product/lg/lily/white/7/1520336667(1).png'),
(NULL,84,'img/product/sm/lily/white/7/1520336683(1).png','img/product/md/lily/white/7/1520336683(1).png','img/product/lg/lily/white/7/1520336683(1).png'), 
(NULL,84,'img/product/sm/lily/white/7/1520336702(1).png','img/product/md/lily/white/7/1520336702(1).png','img/product/lg/lily/white/7/1520336702(1).png'),

(NULL,85,'img/product/sm/lily/white/8/1520336783(1).png','img/product/md/lily/white/8/1520336783(1).png','img/product/lg/lily/white/8/1520336783(1).png'),
(NULL,85,'img/product/sm/lily/white/8/1520336803(1).png','img/product/md/lily/white/8/1520336803(1).png','img/product/lg/lily/white/8/1520336803(1).png'),
(NULL,85,'img/product/sm/lily/white/8/1520336820(1).png','img/product/md/lily/white/8/1520336820(1).png','img/product/lg/lily/white/8/1520336820(1).png'), 
(NULL,85,'img/product/sm/lily/white/8/1520336838(1).png','img/product/md/lily/white/8/1520336838(1).png','img/product/lg/lily/white/8/1520336838(1).png'),

(NULL,86,'img/product/sm/lily/white/9/1520336956(1).png','img/product/md/lily/white/9/1520336956(1).png','img/product/lg/lily/white/9/1520336956(1).png'),
(NULL,86,'img/product/sm/lily/white/9/1520336971(1).png','img/product/md/lily/white/9/1520336971(1).png','img/product/lg/lily/white/9/1520336971(1).png'),
(NULL,86,'img/product/sm/lily/white/9/1520336982(1).png','img/product/md/lily/white/9/1520336982(1).png','img/product/lg/lily/white/9/1520336982(1).png'), 
(NULL,86,'img/product/sm/lily/white/9/1520336994(1).png','img/product/md/lily/white/9/1520336994(1).png','img/product/lg/lily/white/9/1520336994(1).png'),

(NULL,87,'img/product/sm/lily/white/10/1520337020(1).png','img/product/md/lily/white/10/1520337020(1).png','img/product/lg/lily/white/10/1520337020(1).png'),
(NULL,87,'img/product/sm/lily/white/10/1520337031(1).png','img/product/md/lily/white/10/1520337031(1).png','img/product/lg/lily/white/10/1520337031(1).png'),
(NULL,87,'img/product/sm/lily/white/10/1520337042(1).png','img/product/md/lily/white/10/1520337042(1).png','img/product/lg/lily/white/10/1520337042(1).png'), 
(NULL,87,'img/product/sm/lily/white/10/1520337062(1).png','img/product/md/lily/white/10/1520337062(1).png','img/product/lg/lily/white/10/1520337062(1).png'),

(NULL,88,'img/product/sm/sunflower/1/1520338624(1).png','img/product/md/sunflower/1/1520338624(1).png','img/product/lg/sunflower/1/1520338624(1).png'),
(NULL,88,'img/product/sm/sunflower/1/1520338647.png','img/product/md/sunflower/1/1520338647.png','img/product/lg/sunflower/1/1520338647.png'),
(NULL,88,'img/product/sm/sunflower/1/1520338670(1).png','img/product/md/sunflower/1/1520338670(1).png','img/product/lg/sunflower/1/1520338670(1).png'), 
(NULL,88,'img/product/sm/sunflower/1/1520338681(1).png','img/product/md/sunflower/1/1520338681(1).png','img/product/lg/sunflower/1/1520338681(1).png'),

(NULL,89,'img/product/sm/sunflower/2/1520338703(1).png','img/product/md/sunflower/2/1520338703(1).png','img/product/lg/sunflower/2/1520338703(1).png'),
(NULL,89,'img/product/sm/sunflower/2/1520338717(1).png','img/product/md/sunflower/2/1520338717(1).png','img/product/lg/sunflower/2/1520338717(1).png'),
(NULL,89,'img/product/sm/sunflower/2/1520338728(1).png','img/product/md/sunflower/2/1520338728(1).png','img/product/lg/sunflower/2/1520338728(1).png'), 
(NULL,89,'img/product/sm/sunflower/2/1520338738(1).png','img/product/md/sunflower/2/1520338738(1).png','img/product/lg/sunflower/2/1520338738(1).png'),

(NULL,90,'img/product/sm/sunflower/3/1520338757(1).png','img/product/md/sunflower/3/1520338757(1).png','img/product/lg/sunflower/3/1520338757(1).png'),
(NULL,90,'img/product/sm/sunflower/3/1520338782(1).png','img/product/md/sunflower/3/1520338782(1).png','img/product/lg/sunflower/3/1520338782(1).png'),
(NULL,90,'img/product/sm/sunflower/3/1520338798(1).png','img/product/md/sunflower/3/1520338798(1).png','img/product/lg/sunflower/3/1520338798(1).png'), 
(NULL,90,'img/product/sm/sunflower/3/1520338814(1).png','img/product/md/sunflower/3/1520338814(1).png','img/product/lg/sunflower/3/1520338814(1).png'),

(NULL,91,'img/product/sm/sunflower/4/1520338833(1).png','img/product/md/sunflower/4/1520338833(1).png','img/product/lg/sunflower/4/1520338833(1).png'),
(NULL,91,'img/product/sm/sunflower/4/1520338857(1).png','img/product/md/sunflower/4/1520338857(1).png','img/product/lg/sunflower/4/1520338857(1).png'),
(NULL,91,'img/product/sm/sunflower/4/1520338867(1).png','img/product/md/sunflower/4/1520338867(1).png','img/product/lg/sunflower/4/1520338867(1).png'), 
(NULL,91,'img/product/sm/sunflower/4/1520338878(1).png','img/product/md/sunflower/4/1520338878(1).png','img/product/lg/sunflower/4/1520338878(1).png'),

(NULL,92,'img/product/sm/sunflower/5/1520338893(1).png','img/product/md/sunflower/5/1520338893(1).png','img/product/lg/sunflower/5/1520338893(1).png'),
(NULL,92,'img/product/sm/sunflower/5/1520338913(1).png','img/product/md/sunflower/5/1520338913(1).png','img/product/lg/sunflower/5/1520338913(1).png'),
(NULL,92,'img/product/sm/sunflower/5/1520338923(1).png','img/product/md/sunflower/5/1520338923(1).png','img/product/lg/sunflower/5/1520338923(1).png'), 
(NULL,92,'img/product/sm/sunflower/5/1520338938(1).png','img/product/md/sunflower/5/1520338938(1).png','img/product/lg/sunflower/5/1520338938(1).png'),

(NULL,93,'img/product/sm/sunflower/6/1520338982(1).png','img/product/md/sunflower/6/1520338982(1).png','img/product/lg/sunflower/6/1520338982(1).png'),
(NULL,93,'img/product/sm/sunflower/6/1520339001(1).png','img/product/md/sunflower/6/1520339001(1).png','img/product/lg/sunflower/6/1520339001(1).png'),
(NULL,93,'img/product/sm/sunflower/6/1520339011(1).png','img/product/md/sunflower/6/1520339011(1).png','img/product/lg/sunflower/6/1520339011(1).png'), 
(NULL,93,'img/product/sm/sunflower/6/1520339022(1).png','img/product/md/sunflower/6/1520339022(1).png','img/product/lg/sunflower/6/1520339022(1).png'),

(NULL,94,'img/product/sm/sunflower/7/1520339041(1).png','img/product/md/sunflower/7/1520339041(1).png','img/product/lg/sunflower/7/1520339022(1).png'),
(NULL,94,'img/product/sm/sunflower/7/1520339057(1).png','img/product/md/sunflower/7/1520339057(1).png','img/product/lg/sunflower/7/1520339057(1).png'),
(NULL,94,'img/product/sm/sunflower/7/1520339079(1).png','img/product/md/sunflower/7/1520339079(1).png','img/product/lg/sunflower/7/1520339079(1).png'), 
(NULL,94,'img/product/sm/sunflower/71520339096(1).png','img/product/md/sunflower/7/1520339096(1).png','img/product/lg/sunflower/7/1520339096(1).png'),

(NULL,95,'img/product/sm/sunflower/8/1520339113(1).png','img/product/md/sunflower/8/1520339113(1).png','img/product/lg/sunflower/8/1520339113(1).png'),
(NULL,95,'img/product/sm/sunflower/8/1520339122(1).png','img/product/md/sunflower/8/1520339122(1).png','img/product/lg/sunflower/8/1520339122(1).png'),
(NULL,95,'img/product/sm/sunflower/8/1520339132(1).png','img/product/md/sunflower/8/1520339132(1).png','img/product/lg/sunflower/8/1520339132(1).png'), 
(NULL,95,'img/product/sm/sunflower/8/1520339143(1).png','img/product/md/sunflower/8/1520339143(1).png','img/product/lg/sunflower/8/1520339143(1).png'),

(NULL,96,'img/product/sm/sunflower/9/1520339157(1).png','img/product/md/sunflower/9/1520339157(1).png','img/product/lg/sunflower/9/1520339157(1).png'),
(NULL,96,'img/product/sm/sunflower/9/1520339177(1).png','img/product/md/sunflower/9/1520339177(1).png','img/product/lg/sunflower/9/1520339177(1).png'),
(NULL,96,'img/product/sm/sunflower/9/c.png','img/product/md/sunflower/9/1520339192(1).png','img/product/lg/sunflower/9/1520339192(1).png'), 
(NULL,96,'img/product/sm/sunflower/9/1520339209(1).png','img/product/md/sunflower/9/1520339209(1).png','img/product/lg/sunflower/9/1520339209(1).png'),

(NULL,97,'img/product/sm/sunflower/10/1520338624(1).png','img/product/md/sunflower/10/1520338624(1).png','img/product/lg/sunflower/10/1520338624(1).png'),
(NULL,97,'img/product/sm/sunflower/10/1520338647.png','img/product/md/sunflower/10/1520338647.png','img/product/lg/sunflower/10/1520338647.png'),
(NULL,97,'img/product/sm/sunflower/10/1520338670(1).png','img/product/md/sunflower/10/1520338670(1).png','img/product/lg/sunflower/10/1520338670(1).png'), 
(NULL,97,'img/product/sm/sunflower/10/1520338681(1).png','img/product/md/sunflower/10/1520338681(1).png','img/product/lg/sunflower/10/1520338681(1).png'),

(NULL,98,'img/product/sm/carnation/1/1520337173(1).png','img/product/md/carnation/1/1520337173(1).png','img/product/lg/carnation/1/1520337173(1).png'),
(NULL,98,'img/product/sm/carnation/1/1520337188(1).png','img/product/md/carnation/1/1520337188(1).png','img/product/lg/carnation/1/1520337188(1).png'),
(NULL,98,'img/product/sm/carnation/1/1520337199(1).png','img/product/md/carnation/1/1520337199(1).png','img/product/lg/carnation/1/1520337199(1).png'), 
(NULL,98,'img/product/sm/carnation/1/1520337210(1).png','img/product/md/carnation/1/1520337210(1).png','img/product/lg/carnation/1/1520337210(1).png'),

(NULL,99,'img/product/sm/carnation/2/1520337230(1).png','img/product/md/carnation/2/1520337230(1).png','img/product/lg/carnation/2/1520337230(1).png'),
(NULL,99,'img/product/sm/carnation/2/1520337246(1).png','img/product/md/carnation/2/1520337246(1).png','img/product/lg/carnation/2/1520337246(1).png'),
(NULL,99,'img/product/sm/carnation/2/1520337265(1).png','img/product/md/carnation/2/1520337265(1).png','img/product/lg/carnation/2/1520337265(1).png'), 
(NULL,99,'img/product/sm/carnation/2/1520337275(1).png','img/product/md/carnation/2/1520337275(1).png','img/product/lg/carnation/2/1520337275(1).png'),

(NULL,100,'img/product/sm/carnation/3/1520337292.png','img/product/md/carnation/3/1520337292.png','img/product/lg/carnation/3/1520337292.png'),
(NULL,100,'img/product/sm/carnation/3/1520337313(1).png','img/product/md/carnation/3/1520337313(1).png','img/product/lg/carnation/3/1520337313(1).png'),
(NULL,100,'img/product/sm/carnation/3/1520337330(1).png','img/product/md/carnation/3/1520337330(1).png','img/product/lg/carnation/3/1520337330(1).png'), 
(NULL,100,'img/product/sm/carnation/3/1520337361(1).png','img/product/md/carnation/3/1520337361(1).png','img/product/lg/carnation/3/1520337361(1).png'),

(NULL,101,'img/product/sm/carnation/4/1520337383(1).png','img/product/md/carnation/4/1520337383(1).png','img/product/lg/carnation/4/1520337383(1).png'),
(NULL,101,'img/product/sm/carnation/4/1520337400(1).png','img/product/md/carnation/4/1520337400(1).png','img/product/lg/carnation/4/1520337400(1).png'),
(NULL,101,'img/product/sm/carnation/4/1520337410(1).png','img/product/md/carnation/4/1520337410(1).png','img/product/lg/carnation/4/1520337410(1).png'), 
(NULL,101,'img/product/sm/carnation/4/1520337422(1).png','img/product/md/carnation/4/1520337422(1).png','img/product/lg/carnation/4/1520337422(1).png'),

(NULL,102,'img/product/sm/carnation/5/1520337450(1).png','img/product/md/carnation/5/1520337450(1).png','img/product/lg/carnation/5/1520337450(1).png'),
(NULL,102,'img/product/sm/carnation/5/1520337462(1).png','img/product/md/carnation/5/1520337462(1).png','img/product/lg/carnation/5/1520337462(1).png'),
(NULL,102,'img/product/sm/carnation/5/1520337475(1).png','img/product/md/carnation/5/1520337475(1).png','img/product/lg/carnation/5/1520337475(1).png'), 
(NULL,102,'img/product/sm/carnation/5/1520337492(1).png','img/product/md/carnation/5/1520337492(1).png','img/product/lg/carnation/5/1520337492(1).png'),

(NULL,103,'img/product/sm/carnation/6/1520337515(1).png','img/product/md/carnation/6/1520337515(1).png','img/product/lg/carnation/6/1520337515(1).png'),
(NULL,103,'img/product/sm/carnation/6/1520337529(1).png','img/product/md/carnation/6/1520337529(1).png','img/product/lg/carnation/6/1520337529(1).png'),
(NULL,103,'img/product/sm/carnation/6/1520337547(1).png','img/product/md/carnation/6/1520337547(1).png','img/product/lg/carnation/6/1520337547(1).png'), 
(NULL,103,'img/product/sm/carnation/6/1520337560(1).png','img/product/md/carnation/6/1520337560(1).png','img/product/lg/carnation/6/1520337560(1).png'),

(NULL,104,'img/product/sm/carnation/7/1520337581(1).png','img/product/md/carnation/7/1520337581(1).png','img/product/lg/carnation/7/1520337581(1).png'),
(NULL,104,'img/product/sm/carnation/7/1520337594(1).png','img/product/md/carnation/7/1520337594(1).png','img/product/lg/carnation/7/1520337594(1).png'),
(NULL,104,'img/product/sm/carnation/7/1520337605(1).png','img/product/md/carnation/7/1520337605(1).png','img/product/lg/carnation/7/1520337605(1).png'), 
(NULL,104,'img/product/sm/carnation/7/1520337617(1).png','img/product/md/carnation/7/1520337617(1).png','img/product/lg/carnation/7/1520337617(1).png'),

(NULL,105,'img/product/sm/carnation/8/1520337638(1).png','img/product/md/carnation/8/1520337638(1).png','img/product/lg/carnation/8/1520337638(1).png'),
(NULL,105,'img/product/sm/carnation/8/1520337658(1).png','img/product/md/carnation/8/1520337658(1).png','img/product/lg/carnation/8/1520337658(1).png'),
(NULL,105,'img/product/sm/carnation/8/1520337675.png','img/product/md/carnation/8/1520337675.png','img/product/lg/carnation/8/1520337675.png'), 
(NULL,105,'img/product/sm/carnation/8/1520337684(1).png','img/product/md/carnation/8/1520337684(1).png','img/product/lg/carnation/8/1520337684(1).png'),

(NULL,106,'img/product/sm/carnation/9/1520337698(1).png','img/product/md/carnation/9/1520337698(1).png','img/product/lg/carnation/9/1520337698(1).png'),
(NULL,106,'img/product/sm/carnation/9/1520337713(1).png','img/product/md/carnation/9/1520337713(1).png','img/product/lg/carnation/9/1520337713(1).png'),
(NULL,106,'img/product/sm/carnation/9/1520337726(1).png','img/product/md/carnation/9/1520337726(1).png','img/product/lg/carnation/9/1520337726(1).png'), 
(NULL,106,'img/product/sm/carnation/9/1520337736(1).png','img/product/md/carnation/9/1520337736(1).png','img/product/lg/carnation/9/1520337736(1).png'),

(NULL,107,'img/product/sm/carnation/10/1520337760(1).png','img/product/md/carnation/10/1520337760(1).png','img/product/lg/carnation/10/1520337760(1).png'),
(NULL,107,'img/product/sm/carnation/10/1520337782(1).png','img/product/md/carnation/10/1520337782(1).png','img/product/lg/carnation/10/1520337782(1).png'),
(NULL,107,'img/product/sm/carnation/10/1520337791(1).png','img/product/md/carnation/10/1520337791(1).png','img/product/lg/carnation/10/1520337791(1).png'), 
(NULL,107,'img/product/sm/carnation/10/1520337801(1).png','img/product/md/carnation/10/1520337801(1).png','img/product/lg/carnation/10/1520337801(1).png'),

(NULL,108,'img/product/sm/tulip/1/1520340128(1).png','img/product/md/tulip/1/1520340128(1).png','img/product/lg/tulip/1/1520340128(1).png'),
(NULL,108,'img/product/sm/tulip/1/1520340157(1).png','img/product/md/tulip/1/1520340157(1).png','img/product/lg/tulip/1/1520340157(1).png'),
(NULL,108,'img/product/sm/tulip/1/1520340168(1).png','img/product/md/tulip/1/1520340168(1).png','img/product/lg/tulip/1/1520340168(1).png'), 
(NULL,108,'img/product/sm/tulip/1/1520340182(1).png','img/product/md/tulip/1/1520340182(1).png','img/product/lg/tulip/1/1520340182(1).png'),

(NULL,109,'img/product/sm/tulip/2/1520340199(1).png','img/product/md/tulip/2/1520340199(1).png','img/product/lg/tulip/2/1520340199(1).png'),
(NULL,109,'img/product/sm/tulip/2/1520340212(1).png','img/product/md/tulip/2/1520340212(1).png','img/product/lg/tulip/2/1520340212(1).png'),
(NULL,109,'img/product/sm/tulip/2/1520340223(1).png','img/product/md/tulip/2/1520340223(1).png','img/product/lg/tulip/2/1520340223(1).png'), 
(NULL,109,'img/product/sm/tulip/2/1520340233(1).png','img/product/md/tulip/2/1520340233(1).png','img/product/lg/tulip/2/1520340233(1).png'),

(NULL,110,'img/product/sm/tulip/3/1520342283(1).png','img/product/md/tulip/3/1520342283(1).png','img/product/lg/tulip/3/1520342283(1).png'),
(NULL,110,'img/product/sm/tulip/3/c.png','img/product/md/tulip/3/1520342301(1).png','img/product/lg/tulip/3/1520342301(1).png'),
(NULL,110,'img/product/sm/tulip/3/1520342319(1).png','img/product/md/tulip/3/1520342319(1).png','img/product/lg/tulip/3/1520342319(1).png'), 
(NULL,110,'img/product/sm/tulip/3/1520342329(1).png','img/product/md/tulip/3/1520342329(1).png','img/product/lg/tulip/3/1520342329(1).png'),

(NULL,111,'img/product/sm/sunflower/3/1520338757(1).png','img/product/md/sunflower/3/1520338757(1).png','img/product/lg/sunflower/3/1520338757(1).png'),
(NULL,111,'img/product/sm/sunflower/3/1520338782(1).png','img/product/md/sunflower/3/1520338782(1).png','img/product/lg/sunflower/3/1520338782(1).png'),
(NULL,111,'img/product/sm/sunflower/3/1520338798(1).png','img/product/md/sunflower/3/1520338798(1).png','img/product/lg/sunflower/3/1520338798(1).png'), 
(NULL,111,'img/product/sm/sunflower/3/1520338814(1).png','img/product/md/sunflower/3/1520338814(1).png','img/product/lg/sunflower/3/1520338814(1).png'),

(NULL,112,'img/product/sm/sunflower/4/1520338833(1).png','img/product/md/sunflower/4/1520338833(1).png','img/product/lg/sunflower/4/1520338833(1).png'),
(NULL,112,'img/product/sm/sunflower/4/1520338857(1).png','img/product/md/sunflower/4/1520338857(1).png','img/product/lg/sunflower/4/1520338857(1).png'),
(NULL,112,'img/product/sm/sunflower/4/1520338867(1).png','img/product/md/sunflower/4/1520338867(1).png','img/product/lg/sunflower/4/1520338867(1).png'), 
(NULL,112,'img/product/sm/sunflower/4/1520338878(1).png','img/product/md/sunflower/4/1520338878(1).png','img/product/lg/sunflower/4/1520338878(1).png'),

(NULL,113,'img/product/sm/sunflower/5/1520338893(1).png','img/product/md/sunflower/5/1520338893(1).png','img/product/lg/sunflower/5/1520338893(1).png'),
(NULL,113,'img/product/sm/sunflower/5/1520338913(1).png','img/product/md/sunflower/5/1520338913(1).png','img/product/lg/sunflower/5/1520338913(1).png'),
(NULL,113,'img/product/sm/sunflower/5/1520338923(1).png','img/product/md/sunflower/5/1520338923(1).png','img/product/lg/sunflower/5/1520338923(1).png'), 
(NULL,113,'img/product/sm/sunflower/5/1520338938(1).png','img/product/md/sunflower/5/1520338938(1).png','img/product/lg/sunflower/5/1520338938(1).png'),

(NULL,114,'img/product/sm/sunflower/6/1520338982(1).png','img/product/md/sunflower/6/1520338982(1).png','img/product/lg/sunflower/6/1520338982(1).png'),
(NULL,114,'img/product/sm/sunflower/6/1520339001(1).png','img/product/md/sunflower/6/1520339001(1).png','img/product/lg/sunflower/6/1520339001(1).png'),
(NULL,114,'img/product/sm/sunflower/6/1520339011(1).png','img/product/md/sunflower/6/1520339011(1).png','img/product/lg/sunflower/6/1520339011(1).png'), 
(NULL,114,'img/product/sm/sunflower/6/1520339022(1).png','img/product/md/sunflower/6/1520339022(1).png','img/product/lg/sunflower/6/1520339022(1).png'),

(NULL,115,'img/product/sm/sunflower/7/1520339041(1).png','img/product/md/sunflower/7/1520339041(1).png','img/product/lg/sunflower/7/1520339022(1).png'),
(NULL,115,'img/product/sm/sunflower/7/1520339057(1).png','img/product/md/sunflower/7/1520339057(1).png','img/product/lg/sunflower/7/1520339057(1).png'),
(NULL,115,'img/product/sm/sunflower/7/1520339079(1).png','img/product/md/sunflower/7/1520339079(1).png','img/product/lg/sunflower/7/1520339079(1).png'), 
(NULL,115,'img/product/sm/sunflower/71520339096(1).png','img/product/md/sunflower/7/1520339096(1).png','img/product/lg/sunflower/7/1520339096(1).png'),

(NULL,116,'img/product/sm/sunflower/8/1520339113(1).png','img/product/md/sunflower/8/1520339113(1).png','img/product/lg/sunflower/8/1520339113(1).png'),
(NULL,116,'img/product/sm/sunflower/8/1520339122(1).png','img/product/md/sunflower/8/1520339122(1).png','img/product/lg/sunflower/8/1520339122(1).png'),
(NULL,116,'img/product/sm/sunflower/8/1520339132(1).png','img/product/md/sunflower/8/1520339132(1).png','img/product/lg/sunflower/8/1520339132(1).png'), 
(NULL,116,'img/product/sm/sunflower/8/1520339143(1).png','img/product/md/sunflower/8/1520339143(1).png','img/product/lg/sunflower/8/1520339143(1).png'),

(NULL,117,'img/product/sm/sunflower/9/1520339157(1).png','img/product/md/sunflower/9/1520339157(1).png','img/product/lg/sunflower/9/1520339157(1).png'),
(NULL,117,'img/product/sm/sunflower/9/1520339177(1).png','img/product/md/sunflower/9/1520339177(1).png','img/product/lg/sunflower/9/1520339177(1).png'),
(NULL,117,'img/product/sm/sunflower/9/c.png','img/product/md/sunflower/9/1520339192(1).png','img/product/lg/sunflower/9/1520339192(1).png'), 
(NULL,117,'img/product/sm/sunflower/9/1520339209(1).png','img/product/md/sunflower/9/1520339209(1).png','img/product/lg/sunflower/9/1520339209(1).png'),

(NULL,118,'img/product/sm/sunflower/10/1520338624(1).png','img/product/md/sunflower/10/1520338624(1).png','img/product/lg/sunflower/10/1520338624(1).png'),
(NULL,118,'img/product/sm/sunflower/10/1520338647.png','img/product/md/sunflower/10/1520338647.png','img/product/lg/sunflower/10/1520338647.png'),
(NULL,118,'img/product/sm/sunflower/10/1520338670(1).png','img/product/md/sunflower/10/1520338670(1).png','img/product/lg/sunflower/10/1520338670(1).png'), 
(NULL,118,'img/product/sm/sunflower/10/1520338681(1).png','img/product/md/sunflower/10/1520338681(1).png','img/product/lg/sunflower/10/1520338681(1).png'),

(NULL,119,'img/product/sm/carnation/1/1520337173(1).png','img/product/md/carnation/1/1520337173(1).png','img/product/lg/carnation/1/1520337173(1).png'),
(NULL,119,'img/product/sm/carnation/1/1520337188(1).png','img/product/md/carnation/1/1520337188(1).png','img/product/lg/carnation/1/1520337188(1).png'),
(NULL,119,'img/product/sm/carnation/1/1520337199(1).png','img/product/md/carnation/1/1520337199(1).png','img/product/lg/carnation/1/1520337199(1).png'), 
(NULL,119,'img/product/sm/carnation/1/1520337210(1).png','img/product/md/carnation/1/1520337210(1).png','img/product/lg/carnation/1/1520337210(1).png'),

(NULL,120,'img/product/sm/carnation/2/1520337230(1).png','img/product/md/carnation/2/1520337230(1).png','img/product/lg/carnation/2/1520337230(1).png'),
(NULL,120,'img/product/sm/carnation/2/1520337246(1).png','img/product/md/carnation/2/1520337246(1).png','img/product/lg/carnation/2/1520337246(1).png'),
(NULL,120,'img/product/sm/carnation/2/1520337265(1).png','img/product/md/carnation/2/1520337265(1).png','img/product/lg/carnation/2/1520337265(1).png'), 
(NULL,120,'img/product/sm/carnation/2/1520337275(1).png','img/product/md/carnation/2/1520337275(1).png','img/product/lg/carnation/2/1520337275(1).png'),

(NULL,121,'img/product/sm/carnation/3/1520337292.png','img/product/md/carnation/3/1520337292.png','img/product/lg/carnation/3/1520337292.png'),
(NULL,121,'img/product/sm/carnation/3/1520337313(1).png','img/product/md/carnation/3/1520337313(1).png','img/product/lg/carnation/3/1520337313(1).png'),
(NULL,121,'img/product/sm/carnation/3/1520337330(1).png','img/product/md/carnation/3/1520337330(1).png','img/product/lg/carnation/3/1520337330(1).png'), 
(NULL,121,'img/product/sm/carnation/3/1520337361(1).png','img/product/md/carnation/3/1520337361(1).png','img/product/lg/carnation/3/1520337361(1).png'),

(NULL,122,'img/product/sm/carnation/4/1520337383(1).png','img/product/md/carnation/4/1520337383(1).png','img/product/lg/carnation/4/1520337383(1).png'),
(NULL,122,'img/product/sm/carnation/4/1520337400(1).png','img/product/md/carnation/4/1520337400(1).png','img/product/lg/carnation/4/1520337400(1).png'),
(NULL,122,'img/product/sm/carnation/4/1520337410(1).png','img/product/md/carnation/4/1520337410(1).png','img/product/lg/carnation/4/1520337410(1).png'), 
(NULL,122,'img/product/sm/carnation/4/1520337422(1).png','img/product/md/carnation/4/1520337422(1).png','img/product/lg/carnation/4/1520337422(1).png'),

(NULL,123,'img/product/sm/carnation/5/1520337450(1).png','img/product/md/carnation/5/1520337450(1).png','img/product/lg/carnation/5/1520337450(1).png'),
(NULL,123,'img/product/sm/carnation/5/1520337462(1).png','img/product/md/carnation/5/1520337462(1).png','img/product/lg/carnation/5/1520337462(1).png'),
(NULL,123,'img/product/sm/carnation/5/1520337475(1).png','img/product/md/carnation/5/1520337475(1).png','img/product/lg/carnation/5/1520337475(1).png'), 
(NULL,123,'img/product/sm/carnation/5/1520337492(1).png','img/product/md/carnation/5/1520337492(1).png','img/product/lg/carnation/5/1520337492(1).png'),

(NULL,124,'img/product/sm/carnation/6/1520337515(1).png','img/product/md/carnation/6/1520337515(1).png','img/product/lg/carnation/6/1520337515(1).png'),
(NULL,124,'img/product/sm/carnation/6/1520337529(1).png','img/product/md/carnation/6/1520337529(1).png','img/product/lg/carnation/6/1520337529(1).png'),
(NULL,124,'img/product/sm/carnation/6/1520337547(1).png','img/product/md/carnation/6/1520337547(1).png','img/product/lg/carnation/6/1520337547(1).png'), 
(NULL,124,'img/product/sm/carnation/6/1520337560(1).png','img/product/md/carnation/6/1520337560(1).png','img/product/lg/carnation/6/1520337560(1).png'),

(NULL,125,'img/product/sm/carnation/7/1520337581(1).png','img/product/md/carnation/7/1520337581(1).png','img/product/lg/carnation/7/1520337581(1).png'),
(NULL,125,'img/product/sm/carnation/7/1520337594(1).png','img/product/md/carnation/7/1520337594(1).png','img/product/lg/carnation/7/1520337594(1).png'),
(NULL,125,'img/product/sm/carnation/7/1520337605(1).png','img/product/md/carnation/7/1520337605(1).png','img/product/lg/carnation/7/1520337605(1).png'), 
(NULL,125,'img/product/sm/carnation/7/1520337617(1).png','img/product/md/carnation/7/1520337617(1).png','img/product/lg/carnation/7/1520337617(1).png'),

(NULL,126,'img/product/sm/carnation/8/1520337638(1).png','img/product/md/carnation/8/1520337638(1).png','img/product/lg/carnation/8/1520337638(1).png'),
(NULL,126,'img/product/sm/carnation/8/1520337658(1).png','img/product/md/carnation/8/1520337658(1).png','img/product/lg/carnation/8/1520337658(1).png'),
(NULL,126,'img/product/sm/carnation/8/1520337675.png','img/product/md/carnation/8/1520337675.png','img/product/lg/carnation/8/1520337675.png'), 
(NULL,126,'img/product/sm/carnation/8/1520337684(1).png','img/product/md/carnation/8/1520337684(1).png','img/product/lg/carnation/8/1520337684(1).png'),

(NULL,127,'img/product/sm/carnation/9/1520337698(1).png','img/product/md/carnation/9/1520337698(1).png','img/product/lg/carnation/9/1520337698(1).png'),
(NULL,127,'img/product/sm/carnation/9/1520337713(1).png','img/product/md/carnation/9/1520337713(1).png','img/product/lg/carnation/9/1520337713(1).png'),
(NULL,127,'img/product/sm/carnation/9/1520337726(1).png','img/product/md/carnation/9/1520337726(1).png','img/product/lg/carnation/9/1520337726(1).png'), 
(NULL,127,'img/product/sm/carnation/9/1520337736(1).png','img/product/md/carnation/9/1520337736(1).png','img/product/lg/carnation/9/1520337736(1).png'),

(NULL,128,'img/product/sm/carnation/10/1520337760(1).png','img/product/md/carnation/10/1520337760(1).png','img/product/lg/carnation/10/1520337760(1).png'),
(NULL,128,'img/product/sm/carnation/10/1520337782(1).png','img/product/md/carnation/10/1520337782(1).png','img/product/lg/carnation/10/1520337782(1).png'),
(NULL,128,'img/product/sm/carnation/10/1520337791(1).png','img/product/md/carnation/10/1520337791(1).png','img/product/lg/carnation/10/1520337791(1).png'), 
(NULL,128,'img/product/sm/carnation/10/1520337801(1).png','img/product/md/carnation/10/1520337801(1).png','img/product/lg/carnation/10/1520337801(1).png'),

(NULL,129,'img/product/sm/tulip/1/1520340128(1).png','img/product/md/tulip/1/1520340128(1).png','img/product/lg/tulip/1/1520340128(1).png'),
(NULL,129,'img/product/sm/tulip/1/1520340157(1).png','img/product/md/tulip/1/1520340157(1).png','img/product/lg/tulip/1/1520340157(1).png'),
(NULL,129,'img/product/sm/tulip/1/1520340168(1).png','img/product/md/tulip/1/1520340168(1).png','img/product/lg/tulip/1/1520340168(1).png'), 
(NULL,129,'img/product/sm/tulip/1/1520340182(1).png','img/product/md/tulip/1/1520340182(1).png','img/product/lg/tulip/1/1520340182(1).png'),

(NULL,130,'img/product/sm/tulip/2/1520340199(1).png','img/product/md/tulip/2/1520340199(1).png','img/product/lg/tulip/2/1520340199(1).png'),
(NULL,130,'img/product/sm/tulip/2/1520340212(1).png','img/product/md/tulip/2/1520340212(1).png','img/product/lg/tulip/2/1520340212(1).png'),
(NULL,130,'img/product/sm/tulip/2/1520340223(1).png','img/product/md/tulip/2/1520340223(1).png','img/product/lg/tulip/2/1520340223(1).png'), 
(NULL,130,'img/product/sm/tulip/2/1520340233(1).png','img/product/md/tulip/2/1520340233(1).png','img/product/lg/tulip/2/1520340233(1).png'),

(NULL,131,'img/product/sm/tulip/3/1520342283(1).png','img/product/md/tulip/3/1520342283(1).png','img/product/lg/tulip/3/1520342283(1).png'),
(NULL,131,'img/product/sm/tulip/3/c.png','img/product/md/tulip/3/1520342301(1).png','img/product/lg/tulip/3/1520342301(1).png'),
(NULL,131,'img/product/sm/tulip/3/1520342319(1).png','img/product/md/tulip/3/1520342319(1).png','img/product/lg/tulip/3/1520342319(1).png'), 
(NULL,131,'img/product/sm/tulip/3/1520342329(1).png','img/product/md/tulip/3/1520342329(1).png','img/product/lg/tulip/3/1520342329(1).png'),

(NULL,132,'img/product/sm/rose/red/1/1520250784(1).png','img/product/md/rose/red/1/1520250784(1).png','img/product/lg/rose/red/1/1520250784(1).png'),
(NULL,132,'img/product/sm/rose/red/1/1520250820(1).png','img/product/md/rose/red/1/1520250820(1).png','img/product/lg/rose/red/1/1520250820(1).png'),
(NULL,132,'img/product/sm/rose/red/1/1520250854(1).png','img/product/md/rose/red/1/1520250854(1).png','img/product/lg/rose/red/1/1520250854(1).png'), 
(NULL,132,'img/product/sm/rose/red/1/1520250879(1).png','img/product/md/rose/red/1/1520250879(1).png','img/product/lg/rose/red/1/1520250879(1).png'),

(NULL,133,'img/product/sm/rose/red/2/1520251263(1).png','img/product/md/rose/red/2/1520251263(1).png','img/product/lg/rose/red/2/1520251263(1).png'),
(NULL,133,'img/product/sm/rose/red/2/1520251276(1).png','img/product/md/rose/red/2/1520251276(1).png','img/product/lg/rose/red/2/1520251276(1).png'),
(NULL,133,'img/product/sm/rose/red/2/1520251289(1).png','img/product/md/rose/red/2/1520251289(1).png','img/product/lg/rose/red/2/1520251289(1).png'), 
(NULL,133,'img/product/sm/rose/red/2/1520251301(1).png','img/product/md/rose/red/2/1520251301(1).png','img/product/lg/rose/red/2/1520251301(1).png'),

(NULL,134,'img/product/sm/rose/red/3/1520251338(1).png','img/product/md/rose/red/3/1520251338(1).png','img/product/lg/rose/red/3/1520251338(1).png'),
(NULL,134,'img/product/sm/rose/red/3/1520251352(1).png','img/product/md/rose/red/3/1520251352(1).png','img/product/lg/rose/red/3/1520251352(1).png'),
(NULL,134,'img/product/sm/rose/red/3/1520251365(1).png','img/product/md/rose/red/3/1520251365(1).png','img/product/lg/rose/red/3/1520251365(1).png'), 
(NULL,134,'img/product/sm/rose/red/3/1520251380(1).png','img/product/md/rose/red/3/1520251380(1).png','img/product/lg/rose/red/3/1520251380(1).png'),

(NULL,135,'img/product/sm/rose/red/4/1520251492(1).png','img/product/md/rose/red/4/1520251492(1).png','img/product/lg/rose/red/4/1520251492(1).png'),
(NULL,135,'img/product/sm/rose/red/4/1520251509(1).png','img/product/md/rose/red/4/1520251509(1).png','img/product/lg/rose/red/4/1520251509(1).png'),
(NULL,135,'img/product/sm/rose/red/4/1520251528(1).png','img/product/md/rose/red/4/1520251528(1).png','img/product/lg/rose/red/4/1520251528(1).png'), 
(NULL,135,'img/product/sm/rose/red/4/1520251542(1).png','img/product/md/rose/red/4/1520251542(1).png','img/product/lg/rose/red/4/1520251542(1).png'),

(NULL,136,'img/product/sm/rose/red/5/1520251761(1).png','img/product/md/rose/red/5/1520251761(1).png','img/product/lg/rose/red/5/1520251761(1).png'),
(NULL,136,'img/product/sm/rose/red/5/1520251784(1).png','img/product/md/rose/red/5/1520251784(1).png','img/product/lg/rose/red/5/1520251784(1).png'),
(NULL,136,'img/product/sm/rose/red/5/1520251797.png','img/product/md/rose/red/5/1520251797.png','img/product/lg/rose/red/5/1520251797.png'), 
(NULL,136,'img/product/sm/rose/red/5/1520251813(1).png','img/product/md/rose/red/5/1520251813(1).png','img/product/lg/rose/red/5/1520251813(1).png'),

(NULL,137,'img/product/sm/rose/red/6/1520251835(1).png','img/product/md/rose/red/6/1520251835(1).png','img/product/lg/rose/red/6/1520251835(1).png'),
(NULL,137,'img/product/sm/rose/red/6/1520251858(1).png','img/product/md/rose/red/6/1520251858(1).png','img/product/lg/rose/red/6/1520251858(1).png'),
(NULL,137,'img/product/sm/rose/red/6/1520251870(1).png','img/product/md/rose/red/6/1520251870(1).png','img/product/lg/rose/red/6/1520251870(1).png'), 
(NULL,137,'img/product/sm/rose/red/6/1520251889(1).png','img/product/md/rose/red/6/1520251889(1).png','img/product/lg/rose/red/6/1520251889(1).png'),

(NULL,138,'img/product/sm/rose/red/7/1520252384(1).png','img/product/md/rose/red/7/1520252384(1).png','img/product/lg/rose/red/7/1520252384(1).png'),
(NULL,138,'img/product/sm/rose/red/7/1520252399(1).png','img/product/md/rose/red/7/1520252399(1).png','img/product/lg/rose/red/7/1520252399(1).png'),
(NULL,138,'img/product/sm/rose/red/7/1520252412(1).png','img/product/md/rose/red/7/1520252412(1).png','img/product/lg/rose/red/7/1520252412(1).png'), 
(NULL,138,'img/product/sm/rose/red/7/1520252426(1).png','img/product/md/rose/red/7/1520252426(1).png','img/product/lg/rose/red/7/1520252426(1).png'),

(NULL,139,'img/product/sm/rose/red/8/1520252450(1).png','img/product/md/rose/red/8/1520252450(1).png','img/product/lg/rose/red/8/1520252450(1).png'),
(NULL,139,'img/product/sm/rose/red/8/1520252462(1).png','img/product/md/rose/red/8/1520252462(1).png','img/product/lg/rose/red/8/1520252462(1).png'),
(NULL,139,'img/product/sm/rose/red/8/1520252477(1).png','img/product/md/rose/red/8/1520252477(1).png','img/product/lg/rose/red/8/1520252477(1).png'), 
(NULL,139,'img/product/sm/rose/red/8/1520252497(1).png','img/product/md/rose/red/8/1520252497(1).png','img/product/lg/rose/red/8/1520252497(1).png'),

(NULL,140,'img/product/sm/rose/red/9/1520253015(1).png','img/product/md/rose/red/9/1520253015(1).png','img/product/lg/rose/red/9/1520253015(1).png'),
(NULL,140,'img/product/sm/rose/red/9/1520253030(1).png','img/product/md/rose/red/9/1520253030(1).png','img/product/lg/rose/red/9/1520253030(1).png'),
(NULL,140,'img/product/sm/rose/red/9/1520253044(1).png','img/product/md/rose/red/9/1520253044(1).png','img/product/lg/rose/red/9/1520253044(1).png'), 
(NULL,140,'img/product/sm/rose/red/9/1520253057(1).png','img/product/md/rose/red/9/1520253057(1).png','img/product/lg/rose/red/9/1520253057(1).png'),

(NULL,141,'img/product/sm/rose/red/10/1520253509(1).png','img/product/md/rose/red/10/1520253509(1).png','img/product/lg/rose/red/10/1520253509(1).png'),
(NULL,141,'img/product/sm/rose/red/10/1520253525(1).png','img/product/md/rose/red/10/1520253525(1).png','img/product/lg/rose/red/10/1520253525(1).png'),
(NULL,141,'img/product/sm/rose/red/10/1520253536(1).png','img/product/md/rose/red/10/1520253536(1).png','img/product/lg/rose/red/10/1520253536(1).png'), 
(NULL,141,'img/product/sm/rose/red/10/1520253557(1).png','img/product/md/rose/red/10/1520253557(1).png','img/product/lg/rose/red/10/1520253557(1).png'),

(NULL,142,'img/product/sm/rose/red/11/1520256875(1).png','img/product/md/rose/red/11/1520256875(1).png','img/product/lg/rose/red/11/1520256875(1).png'),
(NULL,142,'img/product/sm/rose/red/11/1520256889(1).png','img/product/md/rose/red/11/1520256889(1).png','img/product/lg/rose/red/11/1520256889(1).png'),
(NULL,142,'img/product/sm/rose/red/11/1520256935(1).png','img/product/md/rose/red/11/1520256935(1).png','img/product/lg/rose/red/11/1520256935(1).png'), 
(NULL,142,'img/product/sm/rose/red/11/1520256948(1).png','img/product/md/rose/red/11/1520256948(1).png','img/product/lg/rose/red/11/1520256948(1).png'),

(NULL,143,'img/product/sm/rose/red/12/1520256969(1).png','img/product/md/rose/red/12/1520256969(1).png','img/product/lg/rose/red/12/1520256969(1).png'),
(NULL,143,'img/product/sm/rose/red/12/1520256992(1).png','img/product/md/rose/red/12/1520256992(1).png','img/product/lg/rose/red/12/1520256992(1).png'),
(NULL,143,'img/product/sm/rose/red/12/1520257008(1).png','img/product/md/rose/red/12/1520257008(1).png','img/product/lg/rose/red/12/1520257008(1).png'), 
(NULL,143,'img/product/sm/rose/red/12/1520257020(1).png','img/product/md/rose/red/12/1520257020(1).png','img/product/lg/rose/red/12/1520257020(1).png'),

(NULL,144,'img/product/sm/rose/white/1/1520251163(1).png','img/product/md/rose/white/1/1520251163(1).png','img/product/lg/rose/white/1/1520251163(1).png'),
(NULL,144,'img/product/sm/rose/white/1/1520251179(1).png','img/product/md/rose/white/1/1520251179(1).png','img/product/lg/rose/white/1/1520251179(1).png'),
(NULL,144,'img/product/sm/rose/white/1/1520251194(1).png','img/product/md/rose/white/1/1520251194(1).png','img/product/lg/rose/white/1/1520251194(1).png'), 
(NULL,144,'img/product/sm/rose/white/1/1520251207(1).png','img/product/md/rose/white/1/1520251207(1).png','img/product/lg/rose/white/1/1520251207(1).png'),

(NULL,145,'img/product/sm/rose/white/2/1520252224(1).png','img/product/md/rose/white/2/1520252224(1).png','img/product/lg/rose/white/2/1520252224(1).png'),
(NULL,145,'img/product/sm/rose/white/2/1520252239(1).png','img/product/md/rose/white/2/1520252239(1).png','img/product/lg/rose/white/2/1520252239(1).png'),
(NULL,145,'img/product/sm/rose/white/2/1520252250(1).png','img/product/md/rose/white/2/1520252250(1).png','img/product/lg/rose/white/2/1520252250(1).png'), 
(NULL,145,'img/product/sm/rose/white/2/1520252263(1).png','img/product/md/rose/white/2/1520252263(1).png','img/product/lg/rose/white/2/1520252263(1).png'),

(NULL,146,'img/product/sm/rose/white/3/1520255741(1).png','img/product/md/rose/white/3/1520255741(1).png','img/product/lg/rose/white/3/1520255741(1).png'),
(NULL,146,'img/product/sm/rose/white/3/1520255778(1).png','img/product/md/rose/white/3/1520255778(1).png','img/product/lg/rose/white/3/1520255778(1).png'),
(NULL,146,'img/product/sm/rose/white/3/1520256291(1).png','img/product/md/rose/white/3/1520256291(1).png','img/product/lg/rose/white/3/1520256291(1).png'), 
(NULL,146,'img/product/sm/rose/white/3/1520256303(1).png','img/product/md/rose/white/3/1520256303(1).png','img/product/lg/rose/white/3/1520256303(1).png'),

(NULL,147,'img/product/sm/rose/white/4/1520260490(1).png','img/product/md/rose/white/4/1520260490(1).png','img/product/lg/rose/white/4/1520260490(1).png'),
(NULL,147,'img/product/sm/rose/white/4/1520260513(1).png','img/product/md/rose/white/4/1520260513(1).png','img/product/lg/rose/white/4/1520260513(1).png'),
(NULL,147,'img/product/sm/rose/white/4/1520260535(1).png','img/product/md/rose/white/4/1520260535(1).png','img/product/lg/rose/white/4/1520260535(1).png'), 
(NULL,147,'img/product/sm/rose/white/4/1520260546(1).png','img/product/md/rose/white/4/1520260546(1).png','img/product/lg/rose/white/4/1520260546(1).png'),

(NULL,148,'img/product/sm/rose/white/5/1520260586(1).png','img/product/md/rose/white/5/1520260586(1).png','img/product/lg/rose/white/5/1520260586(1).png'),
(NULL,148,'img/product/sm/rose/white/5/1520260604(1).png','img/product/md/rose/white/5/1520260604(1).png','img/product/lg/rose/white/5/1520260604(1).png'),
(NULL,148,'img/product/sm/rose/white/5/1520260615(1).png','img/product/md/rose/white/5/1520260615(1).png','img/product/lg/rose/white/5/1520260615(1).png'), 
(NULL,148,'img/product/sm/rose/white/5/1520260623(1).png','img/product/md/rose/white/5/1520260623(1).png','img/product/lg/rose/white/5/1520260623(1).png'),

(NULL,149,'img/product/sm/rose/yellow/1/1520251085(1).png','img/product/md/rose/yellow/1/1520251085(1).png','img/product/lg/rose/yellow/1/1520251085(1).png'),
(NULL,149,'img/product/sm/rose/yellow/1/1520251099(1).png','img/product/md/rose/yellow/1/1520251099(1).png','img/product/lg/rose/yellow/1/1520251099(1).png'),
(NULL,149,'img/product/sm/rose/yellow/1/1520251114.png','img/product/md/rose/yellow/1/1520251114.png','img/product/lg/rose/yellow/1/1520251114.png'), 
(NULL,149,'img/product/sm/rose/yellow/1/1520251141(1).png','img/product/md/rose/yellow/1/1520251141(1).png','img/product/lg/rose/yellow/1/1520251141(1).png'),

(NULL,150,'img/product/sm/rose/yellow/2/1520251141(1).png','img/product/md/rose/yellow/2/1520251584(1).png','img/product/lg/rose/yellow/2/1520251584(1).png'),
(NULL,150,'img/product/sm/rose/yellow/2/1520251597(1).png','img/product/md/rose/yellow/2/1520251597(1).png','img/product/lg/rose/yellow/2/1520251597(1).png'),
(NULL,150,'img/product/sm/rose/yellow/2/1520251610(1).png','img/product/md/rose/yellow/2/1520251610(1).png','img/product/lg/rose/yellow/2/1520251610(1).png'), 
(NULL,150,'img/product/sm/rose/yellow/2/1520251630(1).png','img/product/md/rose/yellow/2/1520251630(1).png','img/product/lg/rose/yellow/2/1520251630(1).png'),

(NULL,151,'img/product/sm/rose/yellow/3/1520252932(1).png','img/product/md/rose/yellow/3/1520252932(1).png','img/product/lg/rose/yellow/3/1520252932(1).png'),
(NULL,151,'img/product/sm/rose/yellow/3/1520252945(1).png','img/product/md/rose/yellow/3/1520252945(1).png','img/product/lg/rose/yellow/3/1520252945(1).png'),
(NULL,151,'img/product/sm/rose/yellow/3/1520252956(1).png','img/product/md/rose/yellow/3/1520252956(1).png','img/product/lg/rose/yellow/3/1520252956(1).png'), 
(NULL,151,'img/product/sm/rose/yellow/3/1520252975(1).png','img/product/md/rose/yellow/3/1520252975(1).png','img/product/lg/rose/yellow/3/1520252975(1).png'),

(NULL,152,'img/product/sm/rose/yellow/4/1520256746(1).png','img/product/md/rose/yellow/4/1520256746(1).png','img/product/lg/rose/yellow/4/1520256746(1).png'),
(NULL,152,'img/product/sm/rose/yellow/4/1520256776(1).png','img/product/md/rose/yellow/4/1520256776(1).png','img/product/lg/rose/yellow/4/1520256776(1).png'),
(NULL,152,'img/product/sm/rose/yellow/4/1520256821(1).png','img/product/md/rose/yellow/4/1520256821(1).png','img/product/lg/rose/yellow/4/1520256821(1).png'), 
(NULL,152,'img/product/sm/rose/yellow/4/1520256834(1).png','img/product/md/rose/yellow/4/1520256834(1).png','img/product/lg/rose/yellow/4/1520256834(1).png'),

(NULL,153,'img/product/sm/rose/yellow/5/1520257233(1).png','img/product/md/rose/yellow/5/1520257233(1).png','img/product/lg/rose/yellow/5/1520257233(1).png'),
(NULL,153,'img/product/sm/rose/yellow/5/1520257246(1).png','img/product/md/rose/yellow/5/1520257246(1).png','img/product/lg/rose/yellow/5/1520257246(1).png'),
(NULL,153,'img/product/sm/rose/yellow/5/1520257260(1).png','img/product/md/rose/yellow/5/1520257260(1).png','img/product/lg/rose/yellow/5/1520257260(1).png'), 
(NULL,153,'img/product/sm/rose/yellow/5/1520257272(1).png','img/product/md/rose/yellow/5/1520257272(1).png','img/product/lg/rose/yellow/5/1520257272(1).png'),

(NULL,154,'img/product/sm/rose/yellow/6/1520259958(1).png','img/product/md/rose/yellow/6/1520259958(1).png','img/product/lg/rose/yellow/6/1520259958(1).png'),
(NULL,154,'img/product/sm/rose/yellow/6/1520259974(1).png','img/product/md/rose/yellow/6/1520259974(1).png','img/product/lg/rose/yellow/6/1520259974(1).png'),
(NULL,154,'img/product/sm/rose/yellow/6/1520259990(1).png','img/product/md/rose/yellow/6/1520259990(1).png','img/product/lg/rose/yellow/6/1520259990(1).png'), 
(NULL,154,'img/product/sm/rose/yellow/6/1520260003(1).png','img/product/md/rose/yellow/6/1520260003(1).png','img/product/lg/rose/yellow/6/1520260003(1).png');




/**收货地址信息**/
CREATE TABLE receiver_address(
  aid INT PRIMARY KEY AUTO_INCREMENT,
  uid INT,                    #用户编号
  receiver VARCHAR(16),       #接收人姓名
  province VARCHAR(16),       #省
  city VARCHAR(16),           #市
  county VARCHAR(16),         #县
  address VARCHAR(128),       #详细地址
  cellphone VARCHAR(16),      #手机
  fixedphone VARCHAR(16),     #固定电话
  postcode CHAR(6),           #邮编
  tag VARCHAR(16),            #标签名

  is_default BOOLEAN          #是否为当前用户的默认收货地址
);

/**购物车条目**/
CREATE TABLE shoppingcart_item(
  iid INT PRIMARY KEY AUTO_INCREMENT,
  uid INT,                   #用户编号
  lid INT,                   #商品编号
  count INT,                 #购买数量
  is_checked BOOLEAN         #是否已勾选，确定购买
);

/**用户订单状态**/
CREATE TABLE order_status(
  oid INT PRIMARY KEY AUTO_INCREMENT,
  uid INT,
  aid INT,
  status INT,             #订单状态  1-等待付款  2-等待发货  3-运输中  4-已签收  5-已取消
  order_time BIGINT,      #下单时间
  pay_time BIGINT,        #付款时间
  deliver_time BIGINT,    #发货时间
  received_time BIGINT    #签收时间
)AUTO_INCREMENT=10000000;

/**用户订单**/
CREATE TABLE order_detail(
  did INT PRIMARY KEY AUTO_INCREMENT,
  oid INT,               #订单编号
  lid INT,               #产品编号
  count INT              #购买数量
);

/****首页轮播广告商品****/
CREATE TABLE index_carousel(
  cid INT PRIMARY KEY AUTO_INCREMENT,
  img VARCHAR(128),
  title VARCHAR(64),
  href VARCHAR(128)
);
INSERT INTO index_carousel VALUES
(NULL, 'img/index/banner1.png','轮播广告商品1','product-details.html?lid=28'),
(NULL, 'img/index/banner2.png','轮播广告商品2','product-details.html?lid=19'),
(NULL, 'img/index/banner3.png','轮播广告商品3','lookforward.html'),
(NULL, 'img/index/banner4.png','轮播广告商品4','lookforward.html');

/****首页商品****/
CREATE TABLE index_product(
  pid INT PRIMARY KEY AUTO_INCREMENT,
  title VARCHAR(64),
  details VARCHAR(128),
  pic VARCHAR(128),
  price DECIMAL(10,2),
  href VARCHAR(128),
  seq_recommended TINYINT,
  seq_new_arrival TINYINT,
  seq_top_sale TINYINT
);

